origin,destination,count
JAX_0,IAD_1,0
SMF_0,DFW_1,0
LAX_0,SMF_1,0
TPA_0,MEM_1,0
MSP_0,SMF_1,0
ORD_0,SAT_1,0
SEA_0,SMF_1,0
BOS_0,MEM_1,0
RNO_0,SMF_1,0
LAX_0,SAT_1,0
DFW_0,SMF_1,0
ORD_0,SMF_1,0
DFW_0,MEM_1,0
SLC_0,SMF_1,0
BNA_0,MEM_1,0
AUS_0,MEM_1,0
PHL_0,DFW_1,0
JAX_0,DFW_1,0
PHL_0,MEM_1,0
SLC_0,DFW_1,0
PHL_0,BNA_1,0
MEM_0,SAT_1,0
ORD_0,MEM_1,0
CLT_0,SAT_1,0
CLE_0,BNA_1,0
CLT_0,BNA_1,0
MDW_0,MEM_1,0
SAT_0,DFW_1,0
DTW_0,BNA_1,0
DTW_0,MEM_1,0
MDW_0,JAX_1,0
SLC_0,SAT_1,0
SEA_0,MEM_1,0
CLT_0,MEM_1,0
DCA_0,MEM_1,0
TPA_0,DTW_1,0
RDU_0,DFW_1,0
SEA_0,DFW_1,0
RNO_0,MSP_1,0
PWM_0,IAD_1,0
DFW_0,DTW_1,0
CLE_0,IAD_1,0
PHL_0,DTW_1,0
LGA_0,MSP_1,0
CLT_0,DCA_1,0
BNA_0,DTW_1,0
CLE_0,DCA_1,0
MSP_0,MEM_1,0
CLT_0,DFW_1,0
AUS_0,SAT_1,0
SAT_0,MEM_1,0
MEM_0,MSP_1,0
LGA_0,IAD_1,0
CLE_0,DFW_1,0
SEA_0,MSP_1,0
LAX_0,MEM_1,0
MCI_0,MEM_1,0
RDU_0,DCA_1,0
RDU_0,IAD_1,0
SAV_0,DFW_1,0
DFW_0,SAT_1,0
SEA_0,IAD_1,0
BNA_0,DFW_1,0
IAD_0,MEM_1,0
MEM_0,DCA_1,0
LGA_0,DCA_1,0
ORD_0,JAX_1,0
MSP_0,DFW_1,0
MDW_0,BNA_1,0
PHL_0,JAX_1,0
SYR_0,RDU_1,0
MCI_0,CLE_1,0
IAD_0,CLE_1,0
LAX_0,CLE_1,0
IAD_0,JAX_1,0
DCA_0,CLE_1,0
TPA_0,DFW_1,0
RNO_0,DFW_1,0
JAX_0,RDU_1,0
BOS_0,PHL_1,0
PHL_0,RDU_1,0
MSP_0,CLE_1,0
LGA_0,RDU_1,0
ANC_0,FAI_1,0
DTW_0,RDU_1,0
MDW_0,CLE_1,0
DFW_0,PHL_1,0
ORD_0,CLE_1,0
DTW_0,CLE_1,0
CLT_0,BOS_1,0
ORD_0,RDU_1,0
CLE_0,BOS_1,0
BNA_0,CLE_1,0
BNA_0,PHL_1,0
RNO_0,SEA_1,0
PHL_0,CLE_1,0
SYR_0,BOS_1,0
DFW_0,SEA_1,0
PWM_0,BOS_1,0
TPA_0,PHL_1,0
SAV_0,RDU_1,0
SEA_0,FAI_1,0
AUS_0,DFW_1,0
DCA_0,DFW_1,0
ORD_0,BNA_1,0
LGA_0,MEM_1,0
MSP_0,BNA_1,0
LAX_0,DFW_1,0
DCA_0,RDU_1,0
DFW_0,JAX_1,0
LAX_0,BNA_1,0
IAD_0,RDU_1,0
IAD_0,BNA_1,0
TPA_0,JAX_1,0
DCA_0,BNA_1,0
SAV_0,JAX_1,0
DFW_0,RDU_1,0
SAT_0,LAX_1,0
MEM_0,BNA_1,0
MCI_0,DFW_1,0
CLT_0,RDU_1,0
DFW_0,BNA_1,0
BOS_0,DFW_1,0
CLE_0,RDU_1,0
BOS_0,BNA_1,0
BNA_0,RDU_1,0
BOS_0,DTW_1,0
TPA_0,BNA_1,0
TPA_0,RDU_1,0
IAD_0,DFW_1,0
CLE_0,JAX_1,0
RDU_0,BNA_1,0
CLT_0,JAX_1,0
BOS_0,RDU_1,0
RDU_0,JAX_1,0
SYR_0,DCA_1,0
TPA_0,MSP_1,0
SAV_0,IAD_1,0
DCA_0,MDW_1,0
CLE_0,MCI_1,0
BOS_0,ORD_1,0
TPA_0,MDW_1,0
ORD_0,LAX_1,0
DCA_0,ORD_1,0
DTW_0,MCI_1,0
LAX_0,ORD_1,0
BOS_0,MDW_1,0
RNO_0,ORD_1,0
SAT_0,ORD_1,0
MDW_0,LAX_1,0
MDW_0,MCI_1,0
TPA_0,ORD_1,0
DTW_0,LAX_1,0
ORD_0,MCI_1,0
SEA_0,LAX_1,0
LGA_0,MCI_1,0
MEM_0,LAX_1,0
MSP_0,MDW_1,0
MEM_0,MCI_1,0
DTW_0,MDW_1,0
SAT_0,MSP_1,0
DTW_0,ORD_1,0
SLC_0,MCI_1,0
LAX_0,MSP_1,0
SEA_0,ORD_1,0
MSP_0,ORD_1,0
IAD_0,MSP_1,0
DCA_0,IAD_1,0
AUS_0,ORD_1,0
CLT_0,MCI_1,0
DFW_0,MCI_1,0
DFW_0,MDW_1,0
PHL_0,ORD_1,0
MSP_0,LAX_1,0
PHL_0,MDW_1,0
IAD_0,LAX_1,0
DFW_0,LAX_1,0
LAX_0,MDW_1,0
RNO_0,LAX_1,0
TPA_0,LAX_1,0
SLC_0,ORD_1,0
JAX_0,ORD_1,0
BOS_0,LAX_1,0
IAD_0,ORD_1,0
MCI_0,LAX_1,0
JAX_0,MDW_1,0
BNA_0,LAX_1,0
ANC_0,LAX_1,0
BNA_0,ORD_1,0
MCI_0,ORD_1,0
DCA_0,MCI_1,0
PHL_0,LAX_1,0
DFW_0,ORD_1,0
MCI_0,MDW_1,0
SLC_0,LAX_1,0
LAX_0,IAD_1,0
LAX_0,MCI_1,0
SMF_0,ORD_1,0
SAT_0,MCI_1,0
CLT_0,LAX_1,0
BNA_0,MDW_1,0
SMF_0,LAX_1,0
CLE_0,LAX_1,0
MSP_0,MCI_1,0
CLT_0,CLE_1,0
RDU_0,ORD_1,0
DCA_0,MSP_1,0
SYR_0,MSP_1,0
BOS_0,DCA_1,0
CLE_0,MSP_1,0
MDW_0,DFW_1,0
BOS_0,IAD_1,0
SYR_0,DTW_1,0
ORD_0,DFW_1,0
CLT_0,MSP_1,0
TPA_0,DCA_1,0
CLE_0,DTW_1,0
CLT_0,DTW_1,0
DTW_0,DFW_1,0
DFW_0,DCA_1,0
DFW_0,IAD_1,0
CLT_0,ORD_1,0
PHL_0,MSP_1,0
DTW_0,IAD_1,0
SLC_0,MSP_1,0
LAX_0,DTW_1,0
MCI_0,DTW_1,0
IAD_0,DTW_1,0
LGA_0,DFW_1,0
DCA_0,DTW_1,0
MDW_0,DCA_1,0
ORD_0,DCA_1,0
MSP_0,DTW_1,0
DFW_0,MSP_1,0
BOS_0,MSP_1,0
MEM_0,DFW_1,0
ORD_0,IAD_1,0
DTW_0,DCA_1,0
MDW_0,DTW_1,0
TPA_0,IAD_1,0
BNA_0,MSP_1,0
IAD_0,DCA_1,0
MEM_0,MDW_1,0
PWM_0,ORD_1,0
MEM_0,ORD_1,0
LGA_0,MDW_1,0
LGA_0,ORD_1,0
MCI_0,IAD_1,0
MCI_0,DCA_1,0
MCI_0,MSP_1,0
SYR_0,ORD_1,0
DTW_0,MSP_1,0
MSP_0,IAD_1,0
SAT_0,DCA_1,0
ANC_0,ORD_1,0
MSP_0,DCA_1,0
JAX_0,DCA_1,0
MEM_0,DTW_1,0
ORD_0,DTW_1,0
BNA_0,IAD_1,0
CLE_0,ORD_1,0
CLE_0,MDW_1,0
BNA_0,DCA_1,0
LGA_0,DTW_1,0
LAX_0,DCA_1,0
SEA_0,DTW_1,0
RDU_0,DTW_1,0
MDW_0,MSP_1,0
PHL_0,DCA_1,0
PHL_0,IAD_1,0
ORD_0,MSP_1,0
SLC_0,IAD_1,0
SMF_0,MSP_1,0
SYR_0,CLE_1,0
LGA_0,BNA_1,0
SLC_0,ANC_1,0
DFW_0,RNO_1,0
JAX_0,CLT_1,0
MSP_0,BOS_1,0
LAX_0,PHL_1,0
PHL_0,CLT_1,0
DCA_0,TPA_1,0
TPA_0,LGA_1,0
IAD_0,SEA_1,0
ORD_0,CLT_1,0
DFW_0,SAV_1,0
SEA_0,SLC_1,0
IAD_0,TPA_1,0
DTW_0,CLT_1,0
DCA_0,SYR_1,0
SLC_0,SEA_1,0
IAD_0,PHL_1,0
BNA_0,AUS_1,0
CLE_0,CLT_1,0
BOS_0,LGA_1,0
DCA_0,PHL_1,0
MSP_0,TPA_1,0
ORD_0,AUS_1,0
BNA_0,SYR_1,0
IAD_0,SYR_1,0
PHL_0,BOS_1,0
CLT_0,SAV_1,0
CLT_0,LGA_1,0
PWM_0,PHL_1,0
IAD_0,AUS_1,0
SLC_0,BOS_1,0
ANC_0,SLC_1,0
SYR_0,LGA_1,0
MSP_0,SEA_1,0
PWM_0,LGA_1,0
CLT_0,TPA_1,0
RDU_0,CLT_1,0
LAX_0,SEA_1,0
DTW_0,PHL_1,0
MDW_0,PHL_1,0
ORD_0,PHL_1,0
LAX_0,AUS_1,0
ORD_0,SAV_1,0
LAX_0,TPA_1,0
SEA_0,CLT_1,0
SAT_0,AUS_1,0
DTW_0,SYR_1,0
DFW_0,LGA_1,0
MEM_0,CLT_1,0
SEA_0,RNO_1,0
DCA_0,BOS_1,0
DTW_0,TPA_1,0
IAD_0,BOS_1,0
LGA_0,SYR_1,0
DFW_0,SYR_1,0
BOS_0,TPA_1,0
RNO_0,SLC_1,0
LGA_0,BOS_1,0
DFW_0,ANC_1,0
BOS_0,SYR_1,0
TPA_0,SYR_1,0
IAD_0,LGA_1,0
RDU_0,BOS_1,0
LAX_0,ANC_1,0
SMF_0,SLC_1,0
SEA_0,ANC_1,0
PHL_0,SYR_1,0
RNO_0,AUS_1,0
DFW_0,TPA_1,0
MSP_0,SLC_1,0
ORD_0,SYR_1,0
LGA_0,TPA_1,0
TPA_0,AUS_1,0
DCA_0,LGA_1,0
SAT_0,SLC_1,0
MEM_0,TPA_1,0
MCI_0,LGA_1,0
ORD_0,TPA_1,0
DFW_0,AUS_1,0
BNA_0,LGA_1,0
SLC_0,RNO_1,0
SAV_0,CLT_1,0
CLE_0,SYR_1,0
FAI_0,ANC_1,0
MSP_0,LGA_1,0
MCI_0,BOS_1,0
RDU_0,LGA_1,0
MSP_0,PHL_1,0
DTW_0,ANC_1,0
MCI_0,SLC_1,0
RDU_0,SYR_1,0
LAX_0,BOS_1,0
MDW_0,TPA_1,0
MEM_0,LGA_1,0
DFW_0,SLC_1,0
MEM_0,BOS_1,0
LAX_0,SLC_1,0
ORD_0,ANC_1,0
JAX_0,PHL_1,0
RDU_0,TPA_1,0
BOS_0,SLC_1,0
IAD_0,SLC_1,0
JAX_0,SAV_1,0
BOS_0,CLT_1,0
LGA_0,CLT_1,0
PHL_0,TPA_1,0
CLE_0,PHL_1,0
ANC_0,SEA_1,0
MCI_0,SAV_1,0
DFW_0,CLE_1,0
CLT_0,PHL_1,0
BNA_0,BOS_1,0
JAX_0,LGA_1,0
DCA_0,PWM_1,0
LGA_0,AUS_1,0
IAD_0,PWM_1,0
RDU_0,CLE_1,0
BNA_0,TPA_1,0
MDW_0,LGA_1,0
BOS_0,PWM_1,0
IAD_0,SAV_1,0
JAX_0,TPA_1,0
MEM_0,AUS_1,0
MSP_0,CLT_1,0
BOS_0,CLE_1,0
FAI_0,SEA_1,0
TPA_0,CLE_1,0
LGA_0,PWM_1,0
PHL_0,LGA_1,0
MEM_0,PHL_1,0
LAX_0,RNO_1,0
BNA_0,CLT_1,0
CLT_0,SEA_1,0
TPA_0,CLT_1,0
DTW_0,BOS_1,0
ORD_0,BOS_1,0
SMF_0,RNO_1,0
DTW_0,RNO_1,0
ORD_0,PWM_1,0
RDU_0,PHL_1,0
LAX_0,CLT_1,0
SMF_0,SEA_1,0
ORD_0,RNO_1,0
PHL_0,PWM_1,0
DTW_0,LGA_1,0
LGA_0,PHL_1,0
IAD_0,CLT_1,0
TPA_0,BOS_1,0
MSP_0,RNO_1,0
MCI_0,CLT_1,0
DCA_0,CLT_1,0
DCA_0,AUS_1,0
LGA_0,CLE_1,0
DFW_0,CLT_1,0
MEM_0,SEA_1,0
ORD_0,SLC_1,0
DFW_0,BOS_1,0
CLE_0,TPA_1,0
SYR_0,TPA_1,0
ORD_0,LGA_1,0
CLE_0,LGA_1,0
RDU_0,SAV_1,0
MDW_0,BOS_1,0
ORD_0,SEA_1,0
DTW_0,SEA_1,0
SYR_0,PHL_1,0
PHL_1,MDW_2,1
SEA_1,DTW_2,1
SEA_1,TPA_2,1
TPA_1,LAX_2,1
SLC_1,IAD_2,1
BOS_1,SYR_2,1
TPA_1,IAD_2,1
LGA_1,SYR_2,1
RDU_1,SYR_2,1
PHL_1,PWM_2,1
ORD_1,LGA_2,1
MDW_1,LGA_2,1
MEM_1,DTW_2,1
DCA_1,PWM_2,1
MSP_1,LAX_2,1
BOS_1,DCA_2,1
JAX_1,DCA_2,1
BNA_1,ORD_2,1
SLC_1,ORD_2,1
RDU_1,TPA_2,1
BNA_1,DCA_2,1
JAX_1,IAD_2,1
RNO_1,LAX_2,1
MEM_1,TPA_2,1
PHL_1,DCA_2,1
MDW_1,DTW_2,1
DFW_1,LAX_2,1
JAX_1,ORD_2,1
RDU_1,DTW_2,1
ANC_1,LAX_2,1
BOS_1,PWM_2,1
PHL_1,IAD_2,1
JAX_1,MDW_2,1
LGA_1,DTW_2,1
ORD_1,DTW_2,1
SYR_1,DTW_2,1
BOS_1,LAX_2,1
TPA_1,DCA_2,1
IAD_1,PWM_2,1
MEM_1,LGA_2,1
TPA_1,SYR_2,1
JAX_1,SAV_2,1
MSP_1,IAD_2,1
SLC_1,MCI_2,1
PHL_1,LGA_2,1
CLT_1,SAV_2,1
MEM_1,MCI_2,1
DFW_1,LGA_2,1
DTW_1,ORD_2,1
DTW_1,MDW_2,1
DFW_1,MDW_2,1
DFW_1,MCI_2,1
ORD_1,SAV_2,1
TPA_1,MDW_2,1
LGA_1,MCI_2,1
RNO_1,ORD_2,1
RDU_1,SAV_2,1
SYR_1,LGA_2,1
ORD_1,MCI_2,1
CLE_1,LGA_2,1
CLT_1,MCI_2,1
MDW_1,MCI_2,1
PWM_1,LGA_2,1
AUS_1,ORD_2,1
LGA_1,SAV_2,1
BOS_1,ORD_2,1
TPA_1,ORD_2,1
BOS_1,MDW_2,1
CLT_1,LGA_2,1
BNA_1,SAV_2,1
DTW_1,MCI_2,1
CLE_1,MCI_2,1
IAD_1,SAV_2,1
MSP_1,DCA_2,1
PHL_1,MCI_2,1
LAX_1,MCI_2,1
LGA_1,ORD_2,1
CLE_1,SYR_2,1
RDU_1,LGA_2,1
LGA_1,MDW_2,1
CLE_1,LAX_2,1
IAD_1,SYR_2,1
CLT_1,LAX_2,1
BNA_1,MDW_2,1
BNA_1,LGA_2,1
MEM_1,MDW_2,1
LGA_1,PWM_2,1
MCI_1,DCA_2,1
LAX_1,IAD_2,1
DCA_1,SYR_2,1
MSP_1,MCI_2,1
SMF_1,ORD_2,1
DCA_1,IAD_2,1
MEM_1,ORD_2,1
ORD_1,PWM_2,1
LAX_1,SYR_2,1
JAX_1,LGA_2,1
DCA_1,MCI_2,1
DFW_1,ORD_2,1
BOS_1,LGA_2,1
RDU_1,ORD_2,1
TPA_1,LGA_2,1
SEA_1,ORD_2,1
IAD_1,DCA_2,1
DFW_1,SAV_2,1
BOS_1,SAV_2,1
PHL_1,SYR_2,1
MEM_1,SEA_2,1
BOS_1,IAD_2,1
MSP_1,SEA_2,1
LAX_1,BNA_2,1
DCA_1,RDU_2,1
DFW_1,RDU_2,1
DCA_1,CLT_2,1
LGA_1,BNA_2,1
SYR_1,TPA_2,1
BOS_1,RDU_2,1
IAD_1,RDU_2,1
MEM_1,BNA_2,1
SEA_1,BNA_2,1
RDU_1,BNA_2,1
TPA_1,RDU_2,1
RNO_1,BNA_2,1
MCI_1,CLT_2,1
BNA_1,RDU_2,1
BOS_1,BNA_2,1
LAX_1,CLT_2,1
SMF_1,SEA_2,1
AUS_1,BNA_2,1
MCI_1,BNA_2,1
IAD_1,BNA_2,1
MDW_1,MEM_2,1
CLE_1,BNA_2,1
CLT_1,BNA_2,1
RDU_1,CLT_2,1
IAD_1,TPA_2,1
DTW_1,MEM_2,1
DTW_1,BNA_2,1
SEA_1,CLT_2,1
DFW_1,CLT_2,1
MDW_1,BNA_2,1
ORD_1,BNA_2,1
BOS_1,CLT_2,1
CLE_1,TPA_2,1
TPA_1,CLT_2,1
LGA_1,MEM_2,1
CLT_1,TPA_2,1
MSP_1,BNA_2,1
DCA_1,BNA_2,1
SEA_1,MEM_2,1
DCA_1,TPA_2,1
TPA_1,BNA_2,1
BNA_1,TPA_2,1
MDW_1,CLE_2,1
DFW_1,CLE_2,1
DTW_1,RDU_2,1
RDU_1,CLE_2,1
ORD_1,CLE_2,1
SEA_1,CLE_2,1
ANC_1,SEA_2,1
ORD_1,SEA_2,1
LGA_1,RDU_2,1
ORD_1,RDU_2,1
BNA_1,CLE_2,1
DTW_1,SEA_2,1
RNO_1,SEA_2,1
PHL_1,CLE_2,1
LGA_1,CLE_2,1
DFW_1,SEA_2,1
SYR_1,CLE_2,1
CLT_1,CLE_2,1
DTW_1,CLE_2,1
DFW_1,BNA_2,1
BOS_1,CLE_2,1
DCA_1,CLE_2,1
CLE_1,RDU_2,1
SEA_1,FAI_2,1
MSP_1,CLT_2,1
CLT_1,RDU_2,1
PHL_1,TPA_2,1
BNA_1,CLT_2,1
ANC_1,FAI_2,1
CLT_1,SEA_2,1
MSP_1,CLE_2,1
SYR_1,RDU_2,1
JAX_1,TPA_2,1
TPA_1,CLE_2,1
JAX_1,RDU_2,1
MCI_1,CLE_2,1
LAX_1,CLE_2,1
IAD_1,CLE_2,1
PHL_1,RDU_2,1
FAI_1,SEA_2,1
SAV_1,RDU_2,1
ORD_1,MEM_2,1
LGA_1,CLT_2,1
PHL_1,BNA_2,1
ORD_1,DCA_2,1
SAV_1,IAD_2,1
SYR_1,DCA_2,1
LAX_1,ANC_2,1
IAD_1,LGA_2,1
BOS_1,DTW_2,1
SLC_1,ANC_2,1
TPA_1,DTW_2,1
MSP_1,DTW_2,1
PWM_1,IAD_2,1
ORD_1,ANC_2,1
ORD_1,TPA_2,1
DFW_1,DTW_2,1
CLE_1,IAD_2,1
MDW_1,TPA_2,1
PHL_1,DTW_2,1
MSP_1,LGA_2,1
SLC_1,DTW_2,1
PWM_1,DCA_2,1
BNA_1,DTW_2,1
MSP_1,ANC_2,1
BOS_1,TPA_2,1
CLT_1,DTW_2,1
CLE_1,DTW_2,1
DTW_1,SYR_2,1
MCI_1,LGA_2,1
DFW_1,TPA_2,1
ORD_1,SYR_2,1
DFW_1,IAD_2,1
DFW_1,DCA_2,1
ORD_1,IAD_2,1
DCA_1,LGA_2,1
LAX_1,DTW_2,1
SEA_1,ANC_2,1
DTW_1,IAD_2,1
MCI_1,DTW_2,1
DTW_1,DCA_2,1
DFW_1,ANC_2,1
MDW_1,DCA_2,1
DCA_1,DTW_2,1
IAD_1,DTW_2,1
DTW_1,ANC_2,1
CLE_1,DCA_2,1
CLT_1,DCA_2,1
ORD_1,CLT_2,1
AUS_1,MEM_2,1
MSP_1,SMF_2,1
SEA_1,SMF_2,1
JAX_1,CLT_2,1
TPA_1,MEM_2,1
DFW_1,SMF_2,1
ORD_1,SMF_2,1
LAX_1,SMF_2,1
DFW_1,MEM_2,1
MEM_1,CLT_2,1
LAX_1,TPA_2,1
BNA_1,MEM_2,1
LAX_1,SEA_2,1
SLC_1,SMF_2,1
CLT_1,SMF_2,1
CLE_1,SMF_2,1
PHL_1,MEM_2,1
PHL_1,CLT_2,1
DTW_1,CLT_2,1
BOS_1,MEM_2,1
MEM_1,DCA_2,1
LGA_1,IAD_2,1
LGA_1,DCA_2,1
FAI_1,ANC_2,1
SLC_1,SEA_2,1
SYR_1,CLT_2,1
SAT_1,MEM_2,1
MSP_1,MEM_2,1
DTW_1,TPA_2,1
DCA_1,MEM_2,1
SAV_1,CLT_2,1
CLE_1,CLT_2,1
LAX_1,MEM_2,1
RDU_1,IAD_2,1
RDU_1,DCA_2,1
MCI_1,MEM_2,1
SEA_1,IAD_2,1
MSP_1,TPA_2,1
CLT_1,MEM_2,1
IAD_1,SEA_2,1
LGA_1,TPA_2,1
SAT_1,LAX_2,1
DTW_1,LGA_2,1
SAV_1,DFW_2,1
TPA_1,JAX_2,1
LAX_1,DFW_2,1
LAX_1,BOS_2,1
SAT_1,ORD_2,1
MEM_1,LAX_2,1
DCA_1,DFW_2,1
SAV_1,JAX_2,1
SLC_1,MSP_2,1
IAD_1,PHL_2,1
IAD_1,BOS_2,1
DFW_1,MSP_2,1
DCA_1,BOS_2,1
MCI_1,DFW_2,1
MSP_1,ORD_2,1
MCI_1,PHL_2,1
CLT_1,JAX_2,1
LAX_1,PHL_2,1
MDW_1,PHL_2,1
MSP_1,BOS_2,1
PHL_1,BOS_2,1
LAX_1,MSP_2,1
RDU_1,JAX_2,1
LGA_1,DFW_2,1
DTW_1,DFW_2,1
MSP_1,PHL_2,1
IAD_1,DFW_2,1
SAT_1,SLC_2,1
SLC_1,AUS_2,1
ORD_1,LAX_2,1
RDU_1,DFW_2,1
SAT_1,DFW_2,1
SMF_1,SLC_2,1
MDW_1,JAX_2,1
LAX_1,ORD_2,1
ORD_1,JAX_2,1
RDU_1,BOS_2,1
MCI_1,BOS_2,1
LGA_1,BOS_2,1
MDW_1,LAX_2,1
MSP_1,MDW_2,1
TPA_1,MSP_2,1
BOS_1,SLC_2,1
BNA_1,PHL_2,1
MEM_1,BOS_2,1
RNO_1,SLC_2,1
SEA_1,LAX_2,1
DFW_1,SLC_2,1
MEM_1,DFW_2,1
DCA_1,ORD_2,1
PWM_1,ORD_2,1
ORD_1,PHL_2,1
SLC_1,BOS_2,1
MEM_1,PHL_2,1
ORD_1,MSP_2,1
CLE_1,MDW_2,1
CLE_1,ORD_2,1
CLE_1,MSP_2,1
MDW_1,MSP_2,1
MDW_1,DFW_2,1
RDU_1,PHL_2,1
ORD_1,BOS_2,1
MDW_1,BOS_2,1
DTW_1,BOS_2,1
TPA_1,PHL_2,1
LGA_1,PHL_2,1
CLE_1,BOS_2,1
DFW_1,PHL_2,1
CLT_1,ORD_2,1
SMF_1,MSP_2,1
BNA_1,MSP_2,1
SLC_1,PHL_2,1
JAX_1,PHL_2,1
SYR_1,BOS_2,1
PWM_1,BOS_2,1
CLT_1,BOS_2,1
DTW_1,MSP_2,1
CLT_1,PHL_2,1
CLE_1,PHL_2,1
IAD_1,MSP_2,1
BOS_1,DFW_2,1
LGA_1,JAX_2,1
DTW_1,PHL_2,1
PHL_1,MSP_2,1
MCI_1,MSP_2,1
AUS_1,DFW_2,1
PWM_1,PHL_2,1
DCA_1,MSP_2,1
CLT_1,MSP_2,1
ORD_1,DFW_2,1
DFW_1,BOS_2,1
PHL_1,JAX_2,1
SYR_1,ORD_2,1
TPA_1,BOS_2,1
IAD_1,JAX_2,1
TPA_1,DFW_2,1
LAX_1,JAX_2,1
SYR_1,PHL_2,1
BNA_1,BOS_2,1
RNO_1,DFW_2,1
SAV_1,ORD_2,1
BOS_1,PHL_2,1
LAX_1,MDW_2,1
PHL_1,AUS_2,1
DFW_1,JAX_2,1
SEA_1,SLC_2,1
MCI_1,SLC_2,1
IAD_1,SLC_2,1
MCI_1,AUS_2,1
PHL_1,LAX_2,1
PHL_1,DFW_2,1
LGA_1,MSP_2,1
JAX_1,DFW_2,1
CLE_1,DFW_2,1
RNO_1,MSP_2,1
SEA_1,MSP_2,1
ORD_1,AUS_2,1
SLC_1,RNO_2,1
CLT_1,DFW_2,1
SLC_1,LAX_2,1
MEM_1,AUS_2,1
SEA_1,RNO_2,1
LAX_1,SLC_2,1
ANC_1,SLC_2,1
MSP_1,AUS_2,1
ORD_1,SAT_2,1
BNA_1,LAX_2,1
MCI_1,ORD_2,1
SMF_1,LAX_2,1
AUS_1,MSP_2,1
DTW_1,SLC_2,1
SLC_1,SAT_2,1
TPA_1,SAT_2,1
SAT_1,AUS_2,1
AUS_1,SAT_2,1
JAX_1,SAT_2,1
BNA_1,AUS_2,1
LAX_1,RNO_2,1
LGA_1,AUS_2,1
LGA_1,SAT_2,1
SMF_1,DFW_2,1
DTW_1,LAX_2,1
SEA_1,DFW_2,1
MCI_1,LAX_2,1
IAD_1,ORD_2,1
BOS_1,AUS_2,1
MEM_1,MSP_2,1
CLE_1,AUS_2,1
MSP_1,SLC_2,1
MCI_1,MDW_2,1
MSP_1,RNO_2,1
MSP_1,DFW_2,1
PHL_1,ORD_2,1
LAX_1,SAT_2,1
MEM_1,SAT_2,1
ORD_1,SLC_2,1
DFW_1,RNO_2,1
DCA_1,SAT_2,1
BOS_1,MSP_2,1
DFW_1,AUS_2,1
ORD_1,RNO_2,1
DCA_1,MDW_2,1
SMF_1,RNO_2,1
SEA_1,AUS_2,1
DFW_1,SAT_2,1
CLE_1,SAT_2,1
SLC_1,DFW_2,1
DTW_1,AUS_2,1
BNA_1,DFW_2,1
IAD_1,LAX_2,1
SYR_2,RDU_3,2
MCI_2,CLE_3,2
IAD_2,JAX_3,2
LAX_2,SMF_3,2
SMF_2,DFW_3,2
AUS_2,MEM_3,2
ORD_2,SAT_3,2
TPA_2,DFW_3,2
IAD_2,CLE_3,2
MSP_2,CLE_3,2
CLT_2,MEM_3,2
DFW_2,SAT_3,2
BNA_2,PHL_3,2
BNA_2,CLE_3,2
RDU_2,IAD_3,2
DFW_2,PHL_3,2
DTW_2,CLE_3,2
ORD_2,RDU_3,2
RDU_2,DCA_3,2
SAV_2,DFW_3,2
ORD_2,CLE_3,2
AUS_2,SAT_3,2
BNA_2,DFW_3,2
CLT_2,BOS_3,2
MDW_2,CLE_3,2
DTW_2,RDU_3,2
LGA_2,RDU_3,2
MEM_2,DCA_3,2
CLE_2,BOS_3,2
BOS_2,PHL_3,2
MEM_2,IAD_3,2
SAV_2,RDU_3,2
DCA_2,MEM_3,2
JAX_2,RDU_3,2
RNO_2,DFW_3,2
TPA_2,PHL_3,2
LAX_2,CLE_3,2
DCA_2,CLE_3,2
PHL_2,RDU_3,2
TPA_2,MEM_3,2
DTW_2,JAX_3,2
CLT_2,RDU_3,2
MCI_2,DFW_3,2
SLC_2,SMF_3,2
DCA_2,RDU_3,2
LAX_2,DFW_3,2
TPA_2,JAX_3,2
IAD_2,DFW_3,2
PHL_2,MEM_3,2
MEM_2,SAT_3,2
PHL_2,BNA_3,2
DFW_2,JAX_3,2
IAD_2,RDU_3,2
DCA_2,BNA_3,2
ORD_2,MEM_3,2
JAX_2,DFW_3,2
LAX_2,BNA_3,2
LGA_2,MEM_3,2
CLE_2,BNA_3,2
MSP_2,BNA_3,2
ORD_2,JAX_3,2
CLT_2,BNA_3,2
MDW_2,MEM_3,2
ORD_2,BNA_3,2
MSP_2,DFW_3,2
SEA_2,MEM_3,2
SAT_2,DFW_3,2
DTW_2,MEM_3,2
MDW_2,BNA_3,2
DTW_2,BNA_3,2
DCA_2,DFW_3,2
PHL_2,JAX_3,2
LGA_2,BNA_3,2
BNA_2,MEM_3,2
ANC_2,FAI_3,2
SEA_2,FAI_3,2
MSP_2,SMF_3,2
SEA_2,SMF_3,2
BOS_2,MEM_3,2
AUS_2,DFW_3,2
CLE_2,RDU_3,2
DFW_2,BNA_3,2
LGA_2,JAX_3,2
MDW_2,JAX_3,2
BNA_2,RDU_3,2
BOS_2,BNA_3,2
BOS_2,DFW_3,2
PHL_2,ORD_3,2
TPA_2,BNA_3,2
RDU_2,JAX_3,2
SLC_2,DFW_3,2
BOS_2,RDU_3,2
DFW_2,MEM_3,2
RDU_2,BNA_3,2
LAX_2,SAT_3,2
SLC_2,SAT_3,2
CLT_2,JAX_3,2
PHL_2,DFW_3,2
TPA_2,RDU_3,2
MEM_2,BNA_3,2
DFW_2,RDU_3,2
ORD_2,SMF_3,2
DFW_2,SMF_3,2
RNO_2,SEA_3,2
MSP_2,LAX_3,2
PHL_2,CLE_3,2
RNO_2,AUS_3,2
BOS_2,SYR_3,2
TPA_2,SYR_3,2
MSP_2,SLC_3,2
DFW_2,AUS_3,2
DFW_2,SYR_3,2
LGA_2,SYR_3,2
LAX_2,SLC_3,2
MCI_2,SLC_3,2
RDU_2,TPA_3,2
MEM_2,LGA_3,2
DTW_2,AUS_3,2
RDU_2,SYR_3,2
RDU_2,LGA_3,2
IAD_2,SLC_3,2
CLE_2,SYR_3,2
ORD_2,AUS_3,2
MEM_2,TPA_3,2
LGA_2,TPA_3,2
SLC_2,AUS_3,2
PHL_2,SYR_3,2
MEM_2,BOS_3,2
LAX_2,ANC_3,2
BOS_2,TPA_3,2
RNO_2,SLC_3,2
LGA_2,BOS_3,2
IAD_2,LGA_3,2
BOS_2,SLC_3,2
DFW_2,ANC_3,2
BNA_2,LGA_3,2
SEA_2,ANC_3,2
DCA_2,LGA_3,2
SMF_2,SLC_3,2
RDU_2,BOS_3,2
ORD_2,SYR_3,2
MCI_2,LGA_3,2
DFW_2,TPA_3,2
SAT_2,SLC_3,2
DTW_2,SYR_3,2
LAX_2,LGA_3,2
MDW_2,TPA_3,2
SLC_2,RNO_3,2
DCA_2,SYR_3,2
JAX_2,LGA_3,2
MSP_2,RNO_3,2
LAX_2,RNO_3,2
ORD_2,PWM_3,2
PHL_2,LGA_3,2
MEM_2,AUS_3,2
DTW_2,SLC_3,2
ORD_2,SLC_3,2
LGA_2,PWM_3,2
MDW_2,LGA_3,2
SEA_2,AUS_3,2
ORD_2,LGA_3,2
IAD_2,PWM_3,2
BOS_2,PWM_3,2
DTW_2,LGA_3,2
ORD_2,RNO_3,2
PHL_2,PWM_3,2
IAD_2,SAV_3,2
RDU_2,SAV_3,2
CLE_2,LGA_3,2
LGA_2,AUS_3,2
SEA_2,SLC_3,2
BOS_2,LGA_3,2
DFW_2,RNO_3,2
DFW_2,SAV_3,2
SAT_2,AUS_3,2
DFW_2,LGA_3,2
CLT_2,SAV_3,2
SYR_2,LGA_3,2
TPA_2,LGA_3,2
ORD_2,SAV_3,2
PWM_2,LGA_3,2
PHL_2,SAV_3,2
SEA_2,RNO_3,2
SAV_2,LGA_3,2
JAX_2,SAV_3,2
CLT_2,LGA_3,2
ANC_2,SLC_3,2
MCI_2,AUS_3,2
IAD_2,AUS_3,2
PWM_2,BOS_3,2
SLC_2,ANC_3,2
ORD_2,ANC_3,2
PHL_2,TPA_3,2
BNA_2,CLT_3,2
DTW_2,BOS_3,2
CLE_2,PHL_3,2
MSP_2,CLT_3,2
JAX_2,TPA_3,2
CLT_2,SEA_3,2
CLT_2,PHL_3,2
MCI_2,MEM_3,2
BNA_2,TPA_3,2
SYR_2,PHL_3,2
SMF_2,SEA_3,2
MCI_2,CLT_3,2
TPA_2,BOS_3,2
DCA_2,CLT_3,2
LAX_2,CLT_3,2
DFW_2,BOS_3,2
MEM_2,PHL_3,2
BOS_2,CLE_3,2
FAI_2,SEA_3,2
TPA_2,CLE_3,2
SYR_2,BOS_3,2
CLT_2,CLE_3,2
DFW_2,SEA_3,2
JAX_2,PHL_3,2
SYR_2,CLE_3,2
MEM_2,SEA_3,2
DTW_2,SEA_3,2
LGA_2,CLE_3,2
SYR_2,TPA_3,2
LGA_2,PHL_3,2
ORD_2,SEA_3,2
SEA_2,PHL_3,2
MDW_2,BOS_3,2
RDU_2,CLE_3,2
DFW_2,CLE_3,2
RDU_2,PHL_3,2
ANC_2,SEA_3,2
ORD_2,BOS_3,2
SEA_2,CLE_3,2
ORD_2,TPA_3,2
CLT_2,TPA_3,2
SAV_2,PHL_3,2
LAX_2,BOS_3,2
DCA_2,BOS_3,2
DTW_2,CLT_3,2
IAD_2,SEA_3,2
MSP_2,TPA_3,2
LAX_2,PHL_3,2
CLE_2,CLT_3,2
MCI_2,PHL_3,2
IAD_2,BOS_3,2
SAV_2,CLT_3,2
IAD_2,PHL_3,2
SLC_2,SEA_3,2
FAI_2,ANC_3,2
MSP_2,PHL_3,2
DTW_2,TPA_3,2
MSP_2,LGA_3,2
DFW_2,SLC_3,2
ORD_2,CLT_3,2
MSP_2,BOS_3,2
PHL_2,CLT_3,2
JAX_2,CLT_3,2
MSP_2,SEA_3,2
PWM_2,PHL_3,2
TPA_2,CLT_3,2
BOS_2,CLT_3,2
CLE_2,TPA_3,2
DTW_2,PHL_3,2
DCA_2,TPA_3,2
SLC_2,BOS_3,2
DFW_2,CLT_3,2
SEA_2,CLT_3,2
ORD_2,PHL_3,2
RDU_2,CLT_3,2
LAX_2,SEA_3,2
LGA_2,CLT_3,2
MDW_2,PHL_3,2
MEM_2,CLT_3,2
PHL_2,BOS_3,2
LAX_2,TPA_3,2
IAD_2,TPA_3,2
BNA_2,BOS_3,2
SAV_2,JAX_3,2
DCA_2,MSP_3,2
SMF_2,LAX_3,2
TPA_2,DTW_3,2
SYR_2,DTW_3,2
BNA_2,DCA_3,2
TPA_2,ORD_3,2
IAD_2,DTW_3,2
SMF_2,ORD_3,2
MEM_2,ORD_3,2
BOS_2,DTW_3,2
LGA_2,DTW_3,2
ORD_2,DFW_3,2
IAD_2,ORD_3,2
SYR_2,DCA_3,2
SEA_2,DFW_3,2
PWM_2,ORD_3,2
SAV_2,IAD_3,2
SMF_2,MSP_3,2
MCI_2,MSP_3,2
MSP_2,MCI_3,2
RDU_2,DFW_3,2
CLE_2,IAD_3,2
CLE_2,MCI_3,2
CLT_2,LAX_3,2
DFW_2,DTW_3,2
CLT_2,MSP_3,2
ORD_2,MCI_3,2
MEM_2,MCI_3,2
BNA_2,MDW_3,2
DTW_2,MCI_3,2
MEM_2,MDW_3,2
PHL_2,IAD_3,2
PWM_2,IAD_3,2
DTW_2,IAD_3,2
PHL_2,DCA_3,2
BNA_2,MCI_3,2
SLC_2,IAD_3,2
MSP_2,ORD_3,2
DCA_2,MCI_3,2
MDW_2,MCI_3,2
PHL_2,MSP_3,2
ORD_2,DTW_3,2
MDW_2,DTW_3,2
SEA_2,ORD_3,2
TPA_2,IAD_3,2
DFW_2,MDW_3,2
MDW_2,DCA_3,2
ORD_2,DCA_3,2
CLT_2,MCI_3,2
TPA_2,MDW_3,2
TPA_2,DCA_3,2
SLC_2,MCI_3,2
SLC_2,LAX_3,2
DCA_2,DTW_3,2
DTW_2,LAX_3,2
MCI_2,DTW_3,2
DFW_2,MSP_3,2
MDW_2,DFW_3,2
DFW_2,MCI_3,2
DTW_2,DCA_3,2
PHL_2,MCI_3,2
PHL_2,LAX_3,2
MDW_2,LAX_3,2
BNA_2,MSP_3,2
ORD_2,LAX_3,2
MSP_2,DTW_3,2
RDU_2,ORD_3,2
DFW_2,ORD_3,2
IAD_2,MSP_3,2
TPA_2,MSP_3,2
CLT_2,ORD_3,2
LAX_2,MCI_3,2
LAX_2,MSP_3,2
ORD_2,IAD_3,2
BOS_2,MSP_3,2
DTW_2,MDW_3,2
MEM_2,DFW_3,2
DCA_2,IAD_3,2
DTW_2,ORD_3,2
BOS_2,ORD_3,2
BNA_2,ORD_3,2
MCI_2,ORD_3,2
SAT_2,ORD_3,2
AUS_2,ORD_3,2
TPA_2,LAX_3,2
IAD_2,LAX_3,2
CLT_2,DFW_3,2
SAT_2,MEM_3,2
MEM_2,MSP_3,2
SLC_2,ORD_3,2
MDW_2,ORD_3,2
CLE_2,ORD_3,2
BOS_2,MDW_3,2
RNO_2,ORD_3,2
MSP_2,MEM_3,2
CLT_2,DTW_3,2
CLE_2,MDW_3,2
BOS_2,DCA_3,2
CLE_2,LAX_3,2
LGA_2,MCI_3,2
JAX_2,IAD_3,2
JAX_2,MDW_3,2
LGA_2,ORD_3,2
DFW_2,DCA_3,2
SAT_2,LAX_3,2
SEA_2,LAX_3,2
CLE_2,MSP_3,2
DFW_2,IAD_3,2
PHL_2,MDW_3,2
ANC_2,ORD_3,2
BOS_2,IAD_3,2
MSP_2,DCA_3,2
LAX_2,IAD_3,2
LAX_2,MEM_3,2
SEA_2,MSP_3,2
SEA_2,IAD_3,2
MSP_2,IAD_3,2
MEM_2,DTW_3,2
DFW_2,LAX_3,2
DTW_2,MSP_3,2
LGA_2,IAD_3,2
LGA_2,DCA_3,2
PWM_2,DFW_3,2
DCA_2,ORD_3,2
LGA_2,DFW_3,2
MEM_2,LAX_3,2
RNO_2,LAX_3,2
ORD_2,MSP_3,2
LGA_2,MSP_3,2
MCI_2,MDW_3,2
JAX_2,ORD_3,2
LAX_2,DTW_3,2
ANC_2,LAX_3,2
DTW_2,DFW_3,2
CLT_2,DCA_3,2
MSP_2,MDW_3,2
PHL_2,DTW_3,2
BNA_2,LAX_3,2
RNO_2,MSP_3,2
RDU_2,DTW_3,2
SEA_2,DTW_3,2
IAD_2,DCA_3,2
LAX_2,MDW_3,2
CLE_2,DTW_3,2
CLE_2,DFW_3,2
LAX_2,ORD_3,2
SLC_2,MSP_3,2
BNA_2,DTW_3,2
MCI_2,LAX_3,2
MCI_2,DCA_3,2
CLE_2,DCA_3,2
LGA_2,MDW_3,2
MDW_2,MSP_3,2
DCA_2,MDW_3,2
SYR_2,ORD_3,2
BOS_2,LAX_3,2
LAX_3,PHL_4,3
CLE_3,CLT_4,3
SEA_3,ORD_4,3
MEM_3,LAX_4,3
ORD_3,CLT_4,3
DCA_3,BOS_4,3
LAX_3,BOS_4,3
MSP_3,TPA_4,3
MSP_3,ORD_4,3
DCA_3,PHL_4,3
DTW_3,CLT_4,3
MEM_3,MCI_4,3
SAV_3,CLT_4,3
FAI_3,ANC_4,3
DTW_3,MDW_4,3
DTW_3,ORD_4,3
IAD_3,PHL_4,3
IAD_3,BOS_4,3
DCA_3,MEM_4,3
IAD_3,TPA_4,3
CLE_3,TPA_4,3
LAX_3,MSP_4,3
DFW_3,BOS_4,3
LAX_3,IAD_4,3
SAV_3,PHL_4,3
MSP_3,SEA_4,3
DFW_3,CLT_4,3
MCI_3,DCA_4,3
PWM_3,PHL_4,3
MCI_3,MSP_4,3
IAD_3,CLT_4,3
TPA_3,BOS_4,3
SYR_3,PHL_4,3
DCA_3,CLT_4,3
LGA_3,ORD_4,3
SYR_3,TPA_4,3
LAX_3,CLT_4,3
MCI_3,CLT_4,3
SAT_3,DCA_4,3
LGA_3,MDW_4,3
SMF_3,SEA_4,3
BNA_3,TPA_4,3
BNA_3,BOS_4,3
DTW_3,MSP_4,3
PHL_3,TPA_4,3
MSP_3,CLT_4,3
CLT_3,PHL_4,3
LAX_3,DCA_4,3
IAD_3,MSP_4,3
TPA_3,CLT_4,3
SYR_3,ORD_4,3
IAD_3,SEA_4,3
MCI_3,PHL_4,3
PHL_3,CLT_4,3
MCI_3,SEA_4,3
PHL_3,MCI_4,3
MSP_3,BOS_4,3
SLC_3,MCI_4,3
IAD_3,DCA_4,3
DCA_3,MSP_4,3
MEM_3,CLT_4,3
LAX_3,TPA_4,3
LGA_3,CLT_4,3
DCA_3,TPA_4,3
JAX_3,CLT_4,3
ORD_3,PHL_4,3
RDU_3,ORD_4,3
RDU_3,CLT_4,3
PWM_3,ORD_4,3
LGA_3,MCI_4,3
PHL_3,BOS_4,3
MEM_3,MDW_4,3
MEM_3,ORD_4,3
DTW_3,PHL_4,3
CLT_3,TPA_4,3
SEA_3,CLT_4,3
LAX_3,SEA_4,3
SLC_3,BOS_4,3
BOS_3,CLT_4,3
MDW_3,PHL_4,3
SLC_3,SEA_4,3
SMF_3,SLC_4,3
MSP_3,PHL_4,3
SEA_3,RNO_4,3
ANC_3,LAX_4,3
JAX_3,SAV_4,3
PHL_3,SAV_4,3
LAX_3,MDW_4,3
ORD_3,SAV_4,3
PWM_3,LGA_4,3
IAD_3,AUS_4,3
CLE_3,LAX_4,3
SYR_3,LGA_4,3
BNA_3,LAX_4,3
CLT_3,LAX_4,3
DCA_3,MDW_4,3
DFW_3,LGA_4,3
CLT_3,SAV_4,3
DFW_3,RNO_4,3
DCA_3,ORD_4,3
BNA_3,LGA_4,3
MSP_3,MCI_4,3
IAD_3,SYR_4,3
DCA_3,SYR_4,3
SLC_3,LAX_4,3
TPA_3,LGA_4,3
CLT_3,LGA_4,3
SMF_3,LAX_4,3
BOS_3,LGA_4,3
SAT_3,AUS_4,3
SEA_3,SLC_4,3
BNA_3,ORD_4,3
DFW_3,SAV_4,3
BNA_3,MDW_4,3
SLC_3,RNO_4,3
LAX_3,AUS_4,3
LGA_3,AUS_4,3
CLE_3,LGA_4,3
SMF_3,RNO_4,3
MCI_3,LAX_4,3
IAD_3,PWM_4,3
ORD_3,SLC_4,3
MDW_3,LGA_4,3
DFW_3,LAX_4,3
PHL_3,LGA_4,3
MSP_3,LAX_4,3
SAT_3,LAX_4,3
BOS_3,PWM_4,3
ORD_3,RNO_4,3
PHL_3,MDW_4,3
PHL_3,ORD_4,3
DTW_3,LGA_4,3
ORD_3,LGA_4,3
SMF_3,ORD_4,3
LGA_3,PWM_4,3
IAD_3,ORD_4,3
RDU_3,SAV_4,3
ANC_3,SLC_4,3
MSP_3,RNO_4,3
TPA_3,LAX_4,3
JAX_3,LGA_4,3
JAX_3,MDW_4,3
IAD_3,LAX_4,3
JAX_3,ORD_4,3
BOS_3,LAX_4,3
MEM_3,AUS_4,3
LAX_3,RNO_4,3
SLC_3,ORD_4,3
RNO_3,LAX_4,3
ORD_3,PWM_4,3
IAD_3,SAV_4,3
DTW_3,TPA_4,3
CLE_3,SYR_4,3
DCA_3,MCI_4,3
ORD_3,LAX_4,3
RDU_3,BOS_4,3
CLT_3,MCI_4,3
CLE_3,PHL_4,3
SEA_3,ANC_4,3
CLE_3,MCI_4,3
RNO_3,SLC_4,3
DTW_3,MCI_4,3
IAD_3,LGA_4,3
BOS_3,TPA_4,3
DFW_3,ANC_4,3
MDW_3,LAX_4,3
SAT_3,ORD_4,3
RNO_3,ORD_4,3
LGA_3,BOS_4,3
SEA_3,LAX_4,3
LAX_3,ANC_4,3
MSP_3,LGA_4,3
DTW_3,ANC_4,3
TPA_3,MDW_4,3
MSP_3,MDW_4,3
DFW_3,SLC_4,3
MDW_3,MCI_4,3
DFW_3,TPA_4,3
MEM_3,BOS_4,3
MDW_3,TPA_4,3
ORD_3,TPA_4,3
ORD_3,MCI_4,3
SLC_3,ANC_4,3
BOS_3,MDW_4,3
BOS_3,SLC_4,3
ORD_3,ANC_4,3
DTW_3,SYR_4,3
BOS_3,ORD_4,3
SAT_3,SLC_4,3
DFW_3,ORD_4,3
MEM_3,LGA_4,3
RDU_3,TPA_4,3
LGA_3,SYR_4,3
LAX_3,ORD_4,3
RDU_3,SYR_4,3
IAD_3,SLC_4,3
LAX_3,MCI_4,3
SEA_3,SYR_4,3
MCI_3,SLC_4,3
DTW_3,AUS_4,3
ORD_3,AUS_4,3
MCI_3,MDW_4,3
PHL_3,LAX_4,3
MCI_3,ORD_4,3
RDU_3,LGA_4,3
DCA_3,LGA_4,3
MCI_3,LGA_4,3
JAX_3,AUS_4,3
DTW_3,LAX_4,3
AUS_3,ORD_4,3
LGA_3,TPA_4,3
PHL_3,SYR_4,3
MSP_3,SLC_4,3
DFW_3,MDW_4,3
DFW_3,MCI_4,3
TPA_3,SYR_4,3
BOS_3,MCI_4,3
LAX_3,SLC_4,3
BOS_3,SYR_4,3
MEM_3,TPA_4,3
DFW_3,AUS_4,3
TPA_3,ORD_4,3
MSP_3,DCA_4,3
CLT_3,SEA_4,3
BNA_3,CLT_4,3
BOS_3,RDU_4,3
LGA_3,DFW_4,3
CLT_3,JAX_4,3
MCI_3,DFW_4,3
SAV_3,JAX_4,3
MEM_3,BNA_4,3
IAD_3,DTW_4,3
DCA_3,DTW_4,3
DFW_3,RDU_4,3
LGA_3,BNA_4,3
LAX_3,DFW_4,3
DFW_3,MSP_4,3
LAX_3,BNA_4,3
IAD_3,RDU_4,3
TPA_3,RDU_4,3
MDW_3,DCA_4,3
DCA_3,BNA_4,3
DCA_3,RDU_4,3
ORD_3,IAD_4,3
MEM_3,DFW_4,3
ORD_3,DCA_4,3
MSP_3,DTW_4,3
MSP_3,BNA_4,3
LGA_3,MEM_4,3
DFW_3,JAX_4,3
ORD_3,JAX_4,3
SAV_3,IAD_4,3
RNO_3,MSP_4,3
SEA_3,MEM_4,3
MSP_3,DFW_4,3
TPA_3,JAX_4,3
MCI_3,DTW_4,3
RDU_3,BNA_4,3
DTW_3,IAD_4,3
ORD_3,DFW_4,3
SYR_3,RDU_4,3
TPA_3,DFW_4,3
SAV_3,RDU_4,3
MCI_3,CLE_4,3
CLT_3,MSP_4,3
IAD_3,JAX_4,3
DFW_3,DCA_4,3
ANC_3,FAI_4,3
DFW_3,IAD_4,3
CLE_3,DTW_4,3
CLT_3,RDU_4,3
CLT_3,DTW_4,3
AUS_3,DFW_4,3
PHL_3,JAX_4,3
SEA_3,FAI_4,3
PHL_3,MSP_4,3
SLC_3,MSP_4,3
DTW_3,DCA_4,3
IAD_3,DFW_4,3
BOS_3,BNA_4,3
TPA_3,BNA_4,3
RDU_3,JAX_4,3
MDW_3,BNA_4,3
DCA_3,DFW_4,3
LGA_3,JAX_4,3
BOS_3,DFW_4,3
DFW_3,BNA_4,3
LAX_3,DTW_4,3
CLE_3,RDU_4,3
DTW_3,DFW_4,3
BNA_3,RDU_4,3
TPA_3,MSP_4,3
ORD_3,BNA_4,3
SAT_3,DFW_4,3
AUS_3,MEM_4,3
BNA_3,DTW_4,3
DCA_3,SAT_4,3
SEA_3,SMF_4,3
TPA_3,MEM_4,3
LAX_3,SAT_4,3
SMF_3,DFW_4,3
MSP_3,SMF_4,3
CLE_3,DFW_4,3
CLE_3,DCA_4,3
LAX_3,SMF_4,3
MSP_3,MEM_4,3
LGA_3,IAD_4,3
SAT_3,MEM_4,3
ORD_3,SAT_4,3
MEM_3,MSP_4,3
CLT_3,MEM_4,3
SAV_3,DFW_4,3
IAD_3,MEM_4,3
SEA_3,IAD_4,3
RDU_3,IAD_4,3
RDU_3,DCA_4,3
DFW_3,SAT_4,3
BOS_3,MEM_4,3
LGA_3,DCA_4,3
LAX_3,MEM_4,3
BNA_3,DFW_4,3
MCI_3,MEM_4,3
MEM_3,IAD_4,3
MEM_3,DCA_4,3
SEA_3,MSP_4,3
AUS_3,SAT_4,3
IAD_3,CLE_4,3
LGA_3,MSP_4,3
CLT_3,DCA_4,3
DTW_3,MEM_4,3
MDW_3,JAX_4,3
DTW_3,BNA_4,3
SYR_3,DCA_4,3
SYR_3,IAD_4,3
CLT_3,BNA_4,3
PWM_3,IAD_4,3
CLE_3,BNA_4,3
TPA_3,DTW_4,3
MDW_3,MEM_4,3
CLE_3,SAT_4,3
RDU_3,DFW_4,3
ORD_3,MEM_4,3
PHL_3,DFW_4,3
PHL_3,MEM_4,3
BOS_3,DTW_4,3
MEM_3,SAT_4,3
DFW_3,SMF_4,3
ORD_3,SMF_4,3
CLT_3,DFW_4,3
CLE_3,IAD_4,3
BNA_3,MEM_4,3
SLC_3,SAT_4,3
DFW_3,MEM_4,3
SEA_3,DFW_4,3
SLC_3,SMF_4,3
BOS_3,MSP_4,3
JAX_3,DFW_4,3
SLC_3,DFW_4,3
DFW_3,DTW_4,3
PHL_3,BNA_4,3
PHL_3,DTW_4,3
LAX_3,CLE_4,3
ORD_3,SYR_4,3
DTW_3,RDU_4,3
DFW_3,CLE_4,3
DTW_3,CLE_4,3
TPA_3,DCA_4,3
DFW_3,PHL_4,3
ORD_3,RDU_4,3
JAX_3,IAD_4,3
CLE_3,MDW_4,3
MDW_3,DTW_4,3
ANC_3,SEA_4,3
ORD_3,CLE_4,3
ORD_3,DTW_4,3
TPA_3,IAD_4,3
CLT_3,BOS_4,3
CLE_3,ORD_4,3
MDW_3,BOS_4,3
TPA_3,CLE_4,3
BNA_3,MSP_4,3
ORD_3,MSP_4,3
BOS_3,CLE_4,3
MEM_3,PHL_4,3
SLC_3,IAD_4,3
SYR_3,BOS_4,3
ORD_3,BOS_4,3
RDU_3,PHL_4,3
PHL_3,PWM_4,3
MEM_3,SEA_4,3
PWM_3,BOS_4,3
LGA_3,PHL_4,3
LGA_3,DTW_4,3
SYR_3,CLE_4,3
LGA_3,CLE_4,3
PHL_3,IAD_4,3
DTW_3,SEA_4,3
CLT_3,CLE_4,3
SMF_3,MSP_4,3
DFW_3,SEA_4,3
BNA_3,DCA_4,3
PHL_3,CLE_4,3
RDU_3,CLE_4,3
CLT_3,ORD_4,3
SEA_3,DTW_4,3
SEA_3,PHL_4,3
RNO_3,SEA_4,3
BNA_3,CLE_4,3
ORD_3,SEA_4,3
BNA_3,PHL_4,3
RDU_3,DTW_4,3
FAI_3,SEA_4,3
JAX_3,PHL_4,3
JAX_3,TPA_4,3
CLE_3,BOS_4,3
MDW_3,MSP_4,3
JAX_3,RDU_4,3
DCA_3,CLE_4,3
PHL_3,DCA_4,3
MDW_3,DFW_4,3
CLE_3,MSP_4,3
BOS_3,DCA_4,3
BOS_3,PHL_4,3
MEM_3,DTW_4,3
MSP_3,IAD_4,3
MSP_3,CLE_4,3
DTW_3,BOS_4,3
SYR_3,DTW_4,3
LGA_3,RDU_4,3
RNO_3,DFW_4,3
PHL_3,RDU_4,3
BOS_3,IAD_4,3
TPA_3,PHL_4,3
MDW_3,CLE_4,3
MDW_4,LGA_5,4
ORD_4,SEA_5,4
BNA_4,MDW_5,4
JAX_4,DFW_5,4
SYR_4,LGA_5,4
SYR_4,ORD_5,4
DFW_4,BOS_5,4
BNA_4,MEM_5,4
PHL_4,MEM_5,4
DFW_4,DTW_5,4
LGA_4,ORD_5,4
MEM_4,DTW_5,4
PWM_4,LGA_5,4
FAI_4,SEA_5,4
MDW_4,MEM_5,4
MSP_4,AUS_5,4
TPA_4,LGA_5,4
LAX_4,MEM_5,4
CLT_4,TPA_5,4
SLC_4,DFW_5,4
RDU_4,DTW_5,4
SAV_4,DFW_5,4
DTW_4,LGA_5,4
MCI_4,MDW_5,4
PWM_4,BOS_5,4
SEA_4,DFW_5,4
ORD_4,MEM_5,4
SEA_4,AUS_5,4
RDU_4,DFW_5,4
SEA_4,DTW_5,4
DFW_4,LGA_5,4
DTW_4,SEA_5,4
SAT_4,AUS_5,4
DCA_4,MEM_5,4
MSP_4,SEA_5,4
MCI_4,MEM_5,4
CLT_4,SEA_5,4
PHL_4,TPA_5,4
TPA_4,MEM_5,4
ORD_4,LGA_5,4
PHL_4,ORD_5,4
SAT_4,MEM_5,4
SMF_4,SEA_5,4
JAX_4,LGA_5,4
CLE_4,DFW_5,4
MSP_4,MEM_5,4
SMF_4,DFW_5,4
CLT_4,DFW_5,4
SLC_4,ORD_5,4
BOS_4,MEM_5,4
ORD_4,BOS_5,4
CLT_4,MEM_5,4
TPA_4,BOS_5,4
BNA_4,TPA_5,4
PHL_4,LGA_5,4
AUS_4,MEM_5,4
SAV_4,ORD_5,4
LGA_4,AUS_5,4
BNA_4,ORD_5,4
SAV_4,MDW_5,4
CLE_4,LGA_5,4
BNA_4,DFW_5,4
MDW_4,BOS_5,4
LAX_4,AUS_5,4
PHL_4,DTW_5,4
DFW_4,MEM_5,4
LAX_4,MDW_5,4
LGA_4,MDW_5,4
JAX_4,ORD_5,4
JAX_4,MDW_5,4
ANC_4,SEA_5,4
PHL_4,MDW_5,4
PHL_4,DFW_5,4
SYR_4,TPA_5,4
CLT_4,LGA_5,4
BNA_4,BOS_5,4
BNA_4,DTW_5,4
MEM_4,AUS_5,4
ANC_4,ORD_5,4
JAX_4,TPA_5,4
MEM_4,ORD_5,4
DCA_4,BOS_5,4
DFW_4,ORD_5,4
MSP_4,DFW_5,4
LGA_4,RDU_5,4
MDW_4,DFW_5,4
ORD_4,TPA_5,4
CLE_4,RDU_5,4
LGA_4,BOS_5,4
SEA_4,ORD_5,4
IAD_4,DTW_5,4
LAX_4,DTW_5,4
LGA_4,DFW_5,4
BOS_4,DFW_5,4
DTW_4,RDU_5,4
TPA_4,ORD_5,4
BOS_4,TPA_5,4
TPA_4,MDW_5,4
DCA_4,LGA_5,4
BNA_4,RDU_5,4
IAD_4,SEA_5,4
IAD_4,TPA_5,4
DTW_4,BOS_5,4
IAD_4,ORD_5,4
MCI_4,SEA_5,4
BOS_4,RDU_5,4
DCA_4,DFW_5,4
RDU_4,BOS_5,4
LAX_4,ORD_5,4
SAT_4,ORD_5,4
DTW_4,DFW_5,4
LAX_4,BOS_5,4
ORD_4,DFW_5,4
DTW_4,ORD_5,4
RNO_4,DFW_5,4
DTW_4,TPA_5,4
JAX_4,RDU_5,4
DTW_4,MDW_5,4
CLE_4,DTW_5,4
SYR_4,RDU_5,4
SLC_4,SEA_5,4
RNO_4,ORD_5,4
TPA_4,DFW_5,4
CLT_4,DTW_5,4
SAV_4,RDU_5,4
BOS_4,MDW_5,4
SYR_4,DTW_5,4
AUS_4,DFW_5,4
IAD_4,BOS_5,4
MEM_4,BOS_5,4
CLT_4,RDU_5,4
PHL_4,RDU_5,4
MSP_4,LGA_5,4
MCI_4,LGA_5,4
LAX_4,TPA_5,4
MSP_4,MDW_5,4
MDW_4,TPA_5,4
MSP_4,ORD_5,4
AUS_4,ORD_5,4
CLE_4,BOS_5,4
MSP_4,BOS_5,4
DCA_4,ORD_5,4
DFW_4,AUS_5,4
DFW_4,SEA_5,4
DFW_4,MDW_5,4
LGA_4,MEM_5,4
SEA_4,MEM_5,4
IAD_4,DFW_5,4
CLE_4,MDW_5,4
CLE_4,ORD_5,4
SYR_4,BOS_5,4
SAT_4,DFW_5,4
MSP_4,TPA_5,4
MEM_4,SEA_5,4
RDU_4,MEM_5,4
BOS_4,DTW_5,4
DTW_4,MEM_5,4
RDU_4,LGA_5,4
ORD_4,AUS_5,4
CLE_4,TPA_5,4
SLC_4,BOS_5,4
TPA_4,DTW_5,4
MCI_4,ORD_5,4
SMF_4,ORD_5,4
BNA_4,LGA_5,4
BOS_4,LGA_5,4
RDU_4,TPA_5,4
MEM_4,MDW_5,4
RDU_4,ORD_5,4
RNO_4,SEA_5,4
LAX_4,DFW_5,4
LAX_4,SEA_5,4
CLT_4,BOS_5,4
MCI_4,DTW_5,4
LGA_4,TPA_5,4
MCI_4,DFW_5,4
TPA_4,RDU_5,4
DCA_4,MDW_5,4
MDW_4,DTW_5,4
DFW_4,RDU_5,4
BOS_4,ORD_5,4
DCA_4,TPA_5,4
ORD_4,RDU_5,4
MEM_4,TPA_5,4
DCA_4,RDU_5,4
DCA_4,DTW_5,4
IAD_4,LGA_5,4
PWM_4,ORD_5,4
PHL_4,BOS_5,4
CLT_4,ORD_5,4
MEM_4,DFW_5,4
IAD_4,RDU_5,4
ORD_4,DTW_5,4
LGA_4,DTW_5,4
MEM_4,LGA_5,4
MSP_4,DTW_5,4
DFW_4,TPA_5,4
ORD_4,RNO_5,4
PHL_4,IAD_5,4
MCI_4,LAX_5,4
IAD_4,CLT_5,4
IAD_4,LAX_5,4
LAX_4,CLT_5,4
BNA_4,LAX_5,4
SMF_4,LAX_5,4
SLC_4,LAX_5,4
PHL_4,LAX_5,4
DFW_4,CLT_5,4
DTW_4,LAX_5,4
TPA_4,CLT_5,4
ORD_4,LAX_5,4
BOS_4,CLT_5,4
MDW_4,LAX_5,4
DTW_4,BNA_5,4
MEM_4,LAX_5,4
SEA_4,CLT_5,4
SAT_4,LAX_5,4
DCA_4,MSP_5,4
MSP_4,LAX_5,4
DCA_4,CLT_5,4
TPA_4,MCI_5,4
TPA_4,CLE_5,4
AUS_4,MCI_5,4
LAX_4,MCI_5,4
DCA_4,MCI_5,4
BOS_4,CLE_5,4
MSP_4,MCI_5,4
CLT_4,LAX_5,4
BNA_4,CLT_5,4
CLE_4,LAX_5,4
MSP_4,CLT_5,4
ANC_4,LAX_5,4
RNO_4,LAX_5,4
BOS_4,LAX_5,4
TPA_4,LAX_5,4
SAT_4,CLT_5,4
DFW_4,LAX_5,4
MCI_4,CLT_5,4
DFW_4,CLE_5,4
MCI_4,MSP_5,4
LAX_4,MSP_5,4
TPA_4,MSP_5,4
FAI_4,ANC_5,4
LGA_4,MSP_5,4
ANC_4,ANC_5,4
DTW_4,ANC_5,4
MEM_4,MSP_5,4
SEA_4,MSP_5,4
DFW_4,SAT_5,4
AUS_4,SAT_5,4
ORD_4,ANC_5,4
SLC_4,ANC_5,4
ORD_4,SAT_5,4
LAX_4,SAT_5,4
LAX_4,ANC_5,4
JAX_4,SAT_5,4
MSP_4,ANC_5,4
SLC_4,SAT_5,4
RNO_4,MSP_5,4
RDU_4,CLT_5,4
BOS_4,MSP_5,4
DFW_4,MSP_5,4
IAD_4,MSP_5,4
LGA_4,CLT_5,4
MEM_4,CLT_5,4
DTW_4,MSP_5,4
MDW_4,MSP_5,4
JAX_4,CLT_5,4
ORD_4,MSP_5,4
PHL_4,CLT_5,4
SMF_4,MSP_5,4
BNA_4,MSP_5,4
CLE_4,MSP_5,4
ORD_4,CLT_5,4
CLT_4,MSP_5,4
DTW_4,CLT_5,4
PHL_4,MSP_5,4
SLC_4,MSP_5,4
CLE_4,CLT_5,4
SAV_4,CLT_5,4
DFW_4,MCI_5,4
CLE_4,MCI_5,4
CLT_4,MCI_5,4
LGA_4,DCA_5,4
LGA_4,IAD_5,4
MEM_4,BNA_5,4
RDU_4,BNA_5,4
CLE_4,DCA_5,4
CLT_4,DCA_5,4
BOS_4,BNA_5,4
CLT_4,IAD_5,4
CLE_4,IAD_5,4
SYR_4,IAD_5,4
SYR_4,DCA_5,4
TPA_4,BNA_5,4
PWM_4,IAD_5,4
DFW_4,BNA_5,4
SAV_4,IAD_5,4
MDW_4,DCA_5,4
ORD_4,IAD_5,4
LGA_4,BNA_5,4
ANC_4,FAI_5,4
SEA_4,IAD_5,4
RDU_4,DCA_5,4
CLT_4,BNA_5,4
CLE_4,BNA_5,4
PHL_4,BNA_5,4
SLC_4,SMF_5,4
MDW_4,BNA_5,4
ORD_4,SMF_5,4
ORD_4,BNA_5,4
DFW_4,SMF_5,4
SEA_4,SMF_5,4
MSP_4,BNA_5,4
MSP_4,SMF_5,4
LAX_4,SMF_5,4
IAD_4,BNA_5,4
MEM_4,IAD_5,4
MEM_4,DCA_5,4
LAX_4,BNA_5,4
DCA_4,BNA_5,4
RDU_4,IAD_5,4
ORD_4,DCA_5,4
DTW_4,DCA_5,4
DTW_4,IAD_5,4
BNA_4,CLE_5,4
LAX_4,DCA_5,4
LAX_4,IAD_5,4
PHL_4,CLE_5,4
DCA_4,IAD_5,4
PHL_4,MCI_5,4
CLT_4,CLE_5,4
SLC_4,MCI_5,4
SYR_4,CLE_5,4
MEM_4,MCI_5,4
LGA_4,MCI_5,4
SEA_4,MCI_5,4
LGA_4,CLE_5,4
MDW_4,MCI_5,4
RDU_4,CLE_5,4
ORD_4,MCI_5,4
DTW_4,MCI_5,4
MCI_4,DCA_5,4
MSP_4,IAD_5,4
MSP_4,DCA_5,4
DTW_4,CLE_5,4
MCI_4,CLE_5,4
DFW_4,IAD_5,4
DFW_4,DCA_5,4
LAX_4,CLE_5,4
BOS_4,IAD_5,4
BOS_4,DCA_5,4
TPA_4,DCA_5,4
DCA_4,CLE_5,4
SMF_4,SAT_5,4
IAD_4,CLE_5,4
BNA_4,DCA_5,4
MSP_4,CLE_5,4
BNA_4,IAD_5,4
JAX_4,IAD_5,4
SLC_4,IAD_5,4
JAX_4,DCA_5,4
MDW_4,CLE_5,4
ORD_4,CLE_5,4
TPA_4,IAD_5,4
MEM_4,SAT_5,4
SEA_4,LAX_5,4
RDU_4,SYR_5,4
BOS_4,SLC_5,4
LAX_4,SLC_5,4
JAX_4,SAV_5,4
PHL_4,JAX_5,4
SLC_4,RNO_5,4
DFW_4,SLC_5,4
DFW_4,RNO_5,4
LGA_4,JAX_5,4
SEA_4,SLC_5,4
MSP_4,PHL_5,4
MDW_4,SAV_5,4
JAX_4,PHL_5,4
SYR_4,PHL_5,4
TPA_4,SYR_5,4
RDU_4,JAX_5,4
BOS_4,SYR_5,4
LGA_4,PWM_5,4
SEA_4,RNO_5,4
DCA_4,SYR_5,4
IAD_4,SYR_5,4
CLE_4,PHL_5,4
PHL_4,SAV_5,4
ORD_4,PWM_5,4
SAT_4,SLC_5,4
CLE_4,SYR_5,4
BNA_4,PHL_5,4
RDU_4,SAV_5,4
DFW_4,PHL_5,4
RDU_4,PHL_5,4
SEA_4,PHL_5,4
MSP_4,SLC_5,4
IAD_4,SLC_5,4
ANC_4,SLC_5,4
SMF_4,SLC_5,4
RNO_4,SLC_5,4
LGA_4,SYR_5,4
BOS_4,PHL_5,4
MEM_4,PHL_5,4
IAD_4,SAV_5,4
CLT_4,PHL_5,4
MCI_4,SLC_5,4
IAD_4,JAX_5,4
DCA_4,JAX_5,4
TPA_4,PHL_5,4
PHL_4,SYR_5,4
PWM_4,PHL_5,4
ORD_4,SAV_5,4
DFW_4,ANC_5,4
BOS_4,PWM_5,4
CLT_4,SAV_5,4
DFW_4,JAX_5,4
ORD_4,PHL_5,4
DTW_4,PHL_5,4
MSP_4,RNO_5,4
LAX_4,RNO_5,4
CLE_4,SAT_5,4
ORD_4,SYR_5,4
CLT_4,JAX_5,4
MDW_4,PHL_5,4
MDW_4,JAX_5,4
ORD_4,JAX_5,4
IAD_4,PHL_5,4
SEA_4,ANC_5,4
CLT_4,SAT_5,4
LAX_4,PHL_5,4
PHL_4,PWM_5,4
IAD_4,PWM_5,4
SAV_4,PHL_5,4
DCA_4,PHL_5,4
SAV_4,JAX_5,4
ORD_4,SLC_5,4
TPA_4,JAX_5,4
CLT_4,RNO_5,4
DFW_4,SAV_5,4
MCI_4,PHL_5,4
DTW_4,SYR_5,4
RDU_5,BOS_6,5
IAD_5,PHL_6,5
RDU_5,ORD_6,5
CLE_5,DTW_6,5
IAD_5,DCA_6,5
DCA_5,IAD_6,5
LGA_5,BOS_6,5
PHL_5,MCI_6,5
BOS_5,DCA_6,5
CLT_5,DTW_6,5
SMF_5,SLC_6,5
BOS_5,SLC_6,5
SYR_5,DTW_6,5
LAX_5,BOS_6,5
RNO_5,SLC_6,5
ANC_5,DTW_6,5
SEA_5,ORD_6,5
BOS_5,IAD_6,5
LAX_5,IAD_6,5
TPA_5,DCA_6,5
MCI_5,BOS_6,5
MSP_5,DCA_6,5
MSP_5,PHL_6,5
MSP_5,IAD_6,5
JAX_5,DCA_6,5
MEM_5,DTW_6,5
LGA_5,MDW_6,5
LGA_5,ORD_6,5
JAX_5,IAD_6,5
MEM_5,MDW_6,5
SLC_5,IAD_6,5
IAD_5,BOS_6,5
PHL_5,IAD_6,5
SEA_5,DTW_6,5
RDU_5,DTW_6,5
MEM_5,ORD_6,5
MCI_5,IAD_6,5
DFW_5,SLC_6,5
LGA_5,DTW_6,5
BNA_5,DCA_6,5
MCI_5,DCA_6,5
DCA_5,BOS_6,5
ORD_5,DTW_6,5
MDW_5,DTW_6,5
TPA_5,IAD_6,5
MEM_5,BOS_6,5
DFW_5,DCA_6,5
MEM_5,SAT_6,5
DFW_5,IAD_6,5
MSP_5,SMF_6,5
LAX_5,SMF_6,5
MSP_5,RNO_6,5
MEM_5,DCA_6,5
MEM_5,IAD_6,5
CLT_5,MEM_6,5
SEA_5,RNO_6,5
BOS_5,MEM_6,5
LAX_5,MEM_6,5
MCI_5,MEM_6,5
SEA_5,IAD_6,5
DCA_5,AUS_6,5
IAD_5,MEM_6,5
SEA_5,SLC_6,5
RDU_5,IAD_6,5
RDU_5,DCA_6,5
LAX_5,AUS_6,5
DCA_5,MEM_6,5
ANC_5,SLC_6,5
SEA_5,SMF_6,5
MDW_5,MEM_6,5
CLT_5,BNA_6,5
CLE_5,BNA_6,5
ORD_5,RNO_6,5
PHL_5,BNA_6,5
PHL_5,MEM_6,5
MEM_5,AUS_6,5
TPA_5,MEM_6,5
SLC_5,SMF_6,5
ORD_5,SLC_6,5
BNA_5,MEM_6,5
DTW_5,SLC_6,5
DFW_5,SMF_6,5
LAX_5,RNO_6,5
DFW_5,MEM_6,5
AUS_5,MEM_6,5
ORD_5,SMF_6,5
SAT_5,SLC_6,5
LGA_5,IAD_6,5
DFW_5,RNO_6,5
SAV_5,IAD_6,5
DFW_5,AUS_6,5
SLC_5,MCI_6,5
MSP_5,DTW_6,5
MCI_5,SLC_6,5
ORD_5,IAD_6,5
ORD_5,DCA_6,5
TPA_5,DTW_6,5
MCI_5,DTW_6,5
MSP_5,SLC_6,5
MDW_5,DCA_6,5
DTW_5,DCA_6,5
LAX_5,DTW_6,5
SLC_5,AUS_6,5
DTW_5,IAD_6,5
IAD_5,DTW_6,5
DCA_5,DTW_6,5
LGA_5,DCA_6,5
BOS_5,DTW_6,5
SYR_5,IAD_6,5
MSP_5,MEM_6,5
SAT_5,MEM_6,5
SAT_5,AUS_6,5
CLE_5,DCA_6,5
SMF_5,AUS_6,5
BNA_5,DTW_6,5
CLT_5,DCA_6,5
SYR_5,DCA_6,5
LAX_5,SLC_6,5
PHL_5,DTW_6,5
SLC_5,RNO_6,5
CLE_5,IAD_6,5
DFW_5,DTW_6,5
ORD_5,AUS_6,5
IAD_5,SLC_6,5
PWM_5,IAD_6,5
CLT_5,IAD_6,5
MCI_5,PHL_6,5
DTW_5,MCI_6,5
DTW_5,MDW_6,5
PHL_5,JAX_6,5
ORD_5,MSP_6,5
MDW_5,MSP_6,5
LGA_5,JAX_6,5
CLT_5,ORD_6,5
RDU_5,JAX_6,5
CLE_5,MDW_6,5
AUS_5,DFW_6,5
CLE_5,ORD_6,5
BNA_5,MSP_6,5
BOS_5,DFW_6,5
MDW_5,DFW_6,5
ANC_5,MSP_6,5
CLE_5,MSP_6,5
ORD_5,DFW_6,5
LAX_5,DFW_6,5
SMF_5,MSP_6,5
CLT_5,MSP_6,5
DTW_5,MSP_6,5
MCI_5,MSP_6,5
MEM_5,LAX_6,5
MSP_5,MDW_6,5
MSP_5,ORD_6,5
BOS_5,PHL_6,5
CLT_5,BOS_6,5
TPA_5,PHL_6,5
RNO_5,DFW_6,5
ANC_5,ORD_6,5
PWM_5,ORD_6,5
IAD_5,MSP_6,5
IAD_5,JAX_6,5
LAX_5,MSP_6,5
SYR_5,ORD_6,5
DCA_5,MSP_6,5
SAV_5,MDW_6,5
DCA_5,JAX_6,5
TPA_5,DFW_6,5
CLT_5,JAX_6,5
PHL_5,MSP_6,5
DTW_5,DFW_6,5
SAV_5,DFW_6,5
DFW_5,SAT_6,5
BNA_5,DFW_6,5
AUS_5,SAT_6,5
ORD_5,JAX_6,5
ORD_5,SAT_6,5
LAX_5,SAT_6,5
SEA_5,MSP_6,5
SMF_5,DFW_6,5
SLC_5,DFW_6,5
SLC_5,SAT_6,5
MSP_5,DFW_6,5
CLT_5,SAT_6,5
BNA_5,SAT_6,5
JAX_5,DFW_6,5
PHL_5,DFW_6,5
SAT_5,DFW_6,5
CLE_5,DFW_6,5
DCA_5,DFW_6,5
MDW_5,JAX_6,5
SLC_5,MSP_6,5
LGA_5,DFW_6,5
MEM_5,DFW_6,5
SAV_5,JAX_6,5
DFW_5,MSP_6,5
TPA_5,MSP_6,5
RNO_5,MSP_6,5
RDU_5,DFW_6,5
MCI_5,DFW_6,5
TPA_5,JAX_6,5
SEA_5,DFW_6,5
BOS_5,MSP_6,5
IAD_5,DFW_6,5
DFW_5,JAX_6,5
LGA_5,MSP_6,5
CLT_5,DFW_6,5
MEM_5,MSP_6,5
SAT_5,ORD_6,5
SEA_5,LAX_6,5
MDW_5,LAX_6,5
IAD_5,ORD_6,5
DFW_5,MCI_6,5
SAV_5,PHL_6,5
PWM_5,PHL_6,5
BOS_5,MCI_6,5
DFW_5,MDW_6,5
DCA_5,MCI_6,5
TPA_5,BOS_6,5
DFW_5,BOS_6,5
LAX_5,MCI_6,5
SMF_5,ORD_6,5
MSP_5,MCI_6,5
SYR_5,PHL_6,5
BNA_5,BOS_6,5
CLE_5,PHL_6,5
CLE_5,LAX_6,5
BNA_5,MDW_6,5
DFW_5,ORD_6,5
CLE_5,MCI_6,5
BOS_5,ORD_6,5
TPA_5,MDW_6,5
MSP_5,BOS_6,5
DTW_5,ORD_6,5
MEM_5,MCI_6,5
ORD_5,PHL_6,5
LGA_5,MCI_6,5
MDW_5,PHL_6,5
AUS_5,ORD_6,5
SEA_5,MCI_6,5
ORD_5,MCI_6,5
PHL_5,BOS_6,5
BOS_5,MDW_6,5
MDW_5,MCI_6,5
RNO_5,ORD_6,5
DTW_5,PHL_6,5
TPA_5,ORD_6,5
SLC_5,BOS_6,5
CLT_5,MCI_6,5
BNA_5,ORD_6,5
LAX_5,PHL_6,5
CLT_5,PHL_6,5
ANC_5,LAX_6,5
PWM_5,BOS_6,5
JAX_5,PHL_6,5
BNA_5,LAX_6,5
BNA_5,PHL_6,5
SMF_5,LAX_6,5
SLC_5,LAX_6,5
SYR_5,BOS_6,5
RDU_5,PHL_6,5
PHL_5,LAX_6,5
DFW_5,PHL_6,5
DTW_5,LAX_6,5
CLE_5,BOS_6,5
LAX_5,ORD_6,5
DCA_5,MDW_6,5
DCA_5,ORD_6,5
ORD_5,LAX_6,5
LAX_5,MDW_6,5
MCI_5,ORD_6,5
MCI_5,MDW_6,5
IAD_5,LAX_6,5
BOS_5,LAX_6,5
TPA_5,LAX_6,5
DTW_5,BOS_6,5
RNO_5,LAX_6,5
PHL_5,MDW_6,5
PHL_5,ORD_6,5
MEM_5,PHL_6,5
SEA_5,PHL_6,5
DFW_5,LAX_6,5
JAX_5,MDW_6,5
ORD_5,BOS_6,5
JAX_5,ORD_6,5
MDW_5,BOS_6,5
MSP_5,LAX_6,5
SLC_5,ORD_6,5
SAT_5,LAX_6,5
MCI_5,LAX_6,5
CLT_5,LAX_6,5
ORD_5,MEM_6,5
PHL_5,PWM_6,5
CLE_5,AUS_6,5
SYR_5,RDU_6,5
IAD_5,CLE_6,5
ORD_5,SYR_6,5
DFW_5,TPA_6,5
DCA_5,CLE_6,5
DFW_5,ANC_6,5
MSP_5,ANC_6,5
BOS_5,TPA_6,5
LAX_5,ANC_6,5
MCI_5,CLE_6,5
JAX_5,RDU_6,5
PHL_5,RDU_6,5
SLC_5,ANC_6,5
ORD_5,ANC_6,5
LGA_5,RDU_6,5
MSP_5,LGA_6,5
MDW_5,TPA_6,5
DTW_5,ANC_6,5
ORD_5,TPA_6,5
MSP_5,CLE_6,5
FAI_5,ANC_6,5
MDW_5,CLE_6,5
DTW_5,RDU_6,5
SAV_5,CLT_6,5
DTW_5,TPA_6,5
LAX_5,CLE_6,5
SLC_5,SEA_6,5
DTW_5,SYR_6,5
PHL_5,SYR_6,5
BOS_5,RDU_6,5
MCI_5,SYR_6,5
BNA_5,LGA_6,5
IAD_5,SYR_6,5
CLE_5,SYR_6,5
TPA_5,BNA_6,5
RDU_5,LGA_6,5
BNA_5,RDU_6,5
MEM_5,LGA_6,5
RDU_5,SYR_6,5
BOS_5,BNA_6,5
CLT_5,RDU_6,5
CLE_5,RDU_6,5
RDU_5,TPA_6,5
DFW_5,BNA_6,5
LGA_5,SYR_6,5
SEA_5,FAI_6,5
BOS_5,SYR_6,5
IAD_5,LGA_6,5
ANC_5,FAI_6,5
TPA_5,SYR_6,5
MEM_5,TPA_6,5
DCA_5,LGA_6,5
LGA_5,TPA_6,5
SAV_5,RDU_6,5
MCI_5,LGA_6,5
BOS_5,LGA_6,5
SYR_5,CLT_6,5
DTW_5,CLE_6,5
BOS_5,CLT_6,5
DFW_5,CLT_6,5
RDU_5,CLE_6,5
ORD_5,SEA_6,5
CLE_5,TPA_6,5
MSP_5,SEA_6,5
ANC_5,SEA_6,5
SYR_5,TPA_6,5
LAX_5,CLT_6,5
SMF_5,SEA_6,5
DFW_5,CLE_6,5
MCI_5,CLT_6,5
IAD_5,CLT_6,5
DCA_5,CLT_6,5
TPA_5,CLE_6,5
BNA_5,TPA_6,5
CLE_5,SEA_6,5
BOS_5,CLE_6,5
JAX_5,TPA_6,5
SAT_5,CLT_6,5
CLT_5,SEA_6,5
FAI_5,SEA_6,5
PHL_5,TPA_6,5
MSP_5,CLT_6,5
BNA_5,CLT_6,5
TPA_5,CLT_6,5
ORD_5,CLE_6,5
SEA_5,CLE_6,5
LGA_5,CLE_6,5
CLE_5,CLT_6,5
ORD_5,RDU_6,5
MSP_5,TPA_6,5
DTW_5,CLT_6,5
ORD_5,CLT_6,5
BNA_5,CLE_6,5
PHL_5,CLE_6,5
RNO_5,SEA_6,5
JAX_5,CLT_6,5
IAD_5,SEA_6,5
PHL_5,CLT_6,5
LAX_5,SEA_6,5
DFW_5,SEA_6,5
MEM_5,CLT_6,5
CLT_5,CLE_6,5
LAX_5,TPA_6,5
MCI_5,SEA_6,5
IAD_5,TPA_6,5
LGA_5,CLT_6,5
RDU_5,CLT_6,5
MEM_5,SEA_6,5
SYR_5,CLE_6,5
DCA_5,TPA_6,5
SEA_5,CLT_6,5
DTW_5,SEA_6,5
CLT_5,TPA_6,5
RDU_5,BNA_6,5
SEA_5,ANC_6,5
CLT_5,LGA_6,5
MDW_5,LGA_6,5
SYR_5,LGA_6,5
LGA_5,MEM_6,5
MSP_5,BNA_6,5
SEA_5,MEM_6,5
PHL_5,SAV_6,5
DFW_5,LGA_6,5
LAX_5,BNA_6,5
JAX_5,LGA_6,5
BOS_5,PWM_6,5
MEM_5,BNA_6,5
LGA_5,BNA_6,5
IAD_5,PWM_6,5
CLT_5,SAV_6,5
DFW_5,RDU_6,5
ORD_5,LGA_6,5
IAD_5,RDU_6,5
MDW_5,SAV_6,5
IAD_5,SAV_6,5
LGA_5,PWM_6,5
PWM_5,LGA_6,5
PHL_5,LGA_6,5
ORD_5,PWM_6,5
ORD_5,SAV_6,5
MDW_5,BNA_6,5
DFW_5,SAV_6,5
RDU_5,SAV_6,5
DCA_5,RDU_6,5
CLE_5,LGA_6,5
DTW_5,MEM_6,5
JAX_5,SAV_6,5
TPA_5,RDU_6,5
DCA_5,BNA_6,5
DTW_5,BNA_6,5
ORD_5,BNA_6,5
DTW_5,LGA_6,5
DCA_5,SYR_6,5
TPA_5,LGA_6,5
IAD_5,BNA_6,5
MSP_6,TPA_7,6
DTW_6,DFW_7,6
LGA_6,CLT_7,6
LAX_6,SLC_7,6
DCA_6,MSP_7,6
DTW_6,MSP_7,6
SAV_6,MDW_7,6
PHL_6,MSP_7,6
CLT_6,ORD_7,6
PHL_6,LGA_7,6
DCA_6,TPA_7,6
ORD_6,AUS_7,6
SLC_6,RNO_7,6
MCI_6,MSP_7,6
IAD_6,MSP_7,6
MSP_6,ORD_7,6
MSP_6,MDW_7,6
LAX_6,MSP_7,6
MEM_6,LAX_7,6
SYR_6,ORD_7,6
DTW_6,CLT_7,6
LAX_6,SEA_7,6
SLC_6,MSP_7,6
BNA_6,MSP_7,6
PHL_6,CLT_7,6
RDU_6,SAV_7,6
CLE_6,ORD_7,6
MDW_6,DFW_7,6
CLE_6,LGA_7,6
IAD_6,SLC_7,6
IAD_6,SEA_7,6
SMF_6,MSP_7,6
LAX_6,TPA_7,6
ANC_6,MSP_7,6
ORD_6,CLT_7,6
ANC_6,ORD_7,6
CLE_6,MDW_7,6
DFW_6,AUS_7,6
IAD_6,TPA_7,6
PWM_6,ORD_7,6
CLE_6,MSP_7,6
MSP_6,SLC_7,6
CLT_6,MSP_7,6
ORD_6,DFW_7,6
JAX_6,CLT_7,6
SAT_6,SLC_7,6
MEM_6,CLT_7,6
IAD_6,SAV_7,6
MCI_6,SLC_7,6
MDW_6,MSP_7,6
ORD_6,MSP_7,6
CLE_6,PHL_7,6
RDU_6,CLT_7,6
LAX_6,MDW_7,6
MDW_6,LGA_7,6
MCI_6,LAX_7,6
MSP_6,RNO_7,6
LAX_6,RNO_7,6
DTW_6,SLC_7,6
SAT_6,LAX_7,6
BOS_6,PWM_7,6
MSP_6,LAX_7,6
DTW_6,LGA_7,6
MEM_6,AUS_7,6
SLC_6,ORD_7,6
BNA_6,TPA_7,6
MCI_6,CLT_7,6
SMF_6,SEA_7,6
PHL_6,PWM_7,6
DFW_6,LAX_7,6
MSP_6,CLT_7,6
RNO_6,LAX_7,6
ORD_6,SLC_7,6
JAX_6,ORD_7,6
JAX_6,MDW_7,6
CLE_6,SEA_7,6
SYR_6,TPA_7,6
TPA_6,LAX_7,6
PHL_6,TPA_7,6
PHL_6,ORD_7,6
ORD_6,RNO_7,6
PHL_6,MDW_7,6
SAT_6,CLT_7,6
LAX_6,CLT_7,6
BOS_6,LAX_7,6
ANC_6,SLC_7,6
IAD_6,LAX_7,6
ORD_6,LGA_7,6
TPA_6,CLT_7,6
SEA_6,SLC_7,6
BOS_6,CLT_7,6
MSP_6,SEA_7,6
CLT_6,TPA_7,6
SAT_6,AUS_7,6
IAD_6,ORD_7,6
MDW_6,LAX_7,6
SEA_6,LAX_7,6
SAT_6,ORD_7,6
ORD_6,PWM_7,6
MCI_6,SEA_7,6
CLE_6,TPA_7,6
SEA_6,CLT_7,6
RDU_6,BOS_7,6
JAX_6,LGA_7,6
DTW_6,LAX_7,6
CLE_6,SLC_7,6
LAX_6,ORD_7,6
DCA_6,CLT_7,6
BNA_6,LAX_7,6
IAD_6,CLT_7,6
SMF_6,LAX_7,6
SLC_6,LAX_7,6
LGA_6,PWM_7,6
IAD_6,PWM_7,6
DCA_6,ORD_7,6
SEA_6,RNO_7,6
DCA_6,MDW_7,6
PHL_6,LAX_7,6
MCI_6,ORD_7,6
MCI_6,MDW_7,6
DFW_6,CLT_7,6
DFW_6,RNO_7,6
SAV_6,CLT_7,6
SLC_6,SEA_7,6
LGA_6,JAX_7,6
DCA_6,LGA_7,6
TPA_6,SYR_7,6
PHL_6,JAX_7,6
BOS_6,SYR_7,6
MDW_6,PHL_7,6
AUS_6,DFW_7,6
TPA_6,DFW_7,6
DFW_6,SYR_7,6
DCA_6,JAX_7,6
IAD_6,JAX_7,6
TPA_6,PHL_7,6
BOS_6,DFW_7,6
LGA_6,SYR_7,6
RNO_6,DFW_7,6
RDU_6,TPA_7,6
PHL_6,BOS_7,6
MEM_6,TPA_7,6
MCI_6,DFW_7,6
TPA_6,JAX_7,6
IAD_6,LGA_7,6
MCI_6,PHL_7,6
DTW_6,SYR_7,6
DFW_6,LGA_7,6
MCI_6,LGA_7,6
SAV_6,JAX_7,6
MSP_6,BOS_7,6
PHL_6,SYR_7,6
LGA_6,TPA_7,6
CLT_6,SAV_7,6
CLT_6,JAX_7,6
RDU_6,JAX_7,6
IAD_6,PHL_7,6
DFW_6,JAX_7,6
BOS_6,PHL_7,6
CLE_6,BOS_7,6
TPA_6,BOS_7,6
RDU_6,LGA_7,6
RDU_6,PHL_7,6
LAX_6,SYR_7,6
SAV_6,PHL_7,6
IAD_6,SYR_7,6
CLE_6,SYR_7,6
MEM_6,PHL_7,6
BNA_6,LGA_7,6
CLT_6,PHL_7,6
DCA_6,SYR_7,6
SYR_6,PHL_7,6
DTW_6,BOS_7,6
BNA_6,BOS_7,6
ORD_6,BOS_7,6
ORD_6,PHL_7,6
MDW_6,BOS_7,6
PWM_6,BOS_7,6
SLC_6,BOS_7,6
TPA_6,LGA_7,6
CLT_6,BOS_7,6
DFW_6,PHL_7,6
MEM_6,LGA_7,6
RDU_6,SYR_7,6
LGA_6,PHL_7,6
DTW_6,PHL_7,6
CLT_6,SYR_7,6
DFW_6,SAV_7,6
DFW_6,BOS_7,6
JAX_6,PHL_7,6
PWM_6,PHL_7,6
SYR_6,BOS_7,6
BNA_6,PHL_7,6
LGA_6,DFW_7,6
DCA_6,BOS_7,6
LAX_6,PHL_7,6
LGA_6,MSP_7,6
MSP_6,LGA_7,6
CLT_6,LGA_7,6
CLE_6,DFW_7,6
CLT_6,DFW_7,6
MEM_6,BOS_7,6
FAI_6,ANC_7,6
MEM_6,MSP_7,6
DTW_6,ANC_7,6
DFW_6,SLC_7,6
MCI_6,BOS_7,6
SAV_6,DFW_7,6
DFW_6,SAT_7,6
MDW_6,TPA_7,6
SEA_6,MSP_7,6
ORD_6,ANC_7,6
LGA_6,BOS_7,6
DTW_6,TPA_7,6
CLE_6,CLT_7,6
SMF_6,SLC_7,6
SYR_6,CLT_7,6
DFW_6,MSP_7,6
JAX_6,SAV_7,6
MEM_6,DFW_7,6
BOS_6,SLC_7,6
BOS_6,LGA_7,6
TPA_6,MSP_7,6
RNO_6,MSP_7,6
PHL_6,SAV_7,6
BOS_6,MSP_7,6
RDU_6,DFW_7,6
SEA_6,DFW_7,6
RNO_6,SLC_7,6
IAD_6,DFW_7,6
AUS_6,SAT_7,6
MSP_6,PHL_7,6
ORD_6,SAV_7,6
MSP_6,DFW_7,6
SEA_6,ANC_7,6
SYR_6,LGA_7,6
ANC_6,LAX_7,6
ORD_6,SYR_7,6
DFW_6,ANC_7,6
CLT_6,SAT_7,6
ORD_6,JAX_7,6
MDW_6,JAX_7,6
LAX_6,DFW_7,6
DCA_6,DFW_7,6
MDW_6,SAV_7,6
DFW_6,TPA_7,6
SAT_6,DFW_7,6
BNA_6,DFW_7,6
MEM_6,SAT_7,6
JAX_6,DFW_7,6
PWM_6,LGA_7,6
ORD_6,TPA_7,6
ORD_6,SAT_7,6
SMF_6,DFW_7,6
SLC_6,ANC_7,6
LAX_6,ANC_7,6
LAX_6,BOS_7,6
LAX_6,SAT_7,6
SLC_6,DFW_7,6
SLC_6,SAT_7,6
IAD_6,BOS_7,6
BOS_6,TPA_7,6
MSP_6,ANC_7,6
PHL_6,DFW_7,6
DCA_6,PHL_7,6
FAI_6,SEA_7,6
ORD_6,LAX_7,6
RDU_6,IAD_7,6
PHL_6,MCI_7,6
IAD_6,RDU_7,6
DTW_6,MDW_7,6
DFW_6,DTW_7,6
TPA_6,BNA_7,6
DTW_6,ORD_7,6
MDW_6,DTW_7,6
TPA_6,DCA_7,6
SYR_6,DCA_7,6
SEA_6,ORD_7,6
DFW_6,SEA_7,6
DCA_6,IAD_7,6
CLE_6,IAD_7,6
CLT_6,CLE_7,6
LAX_6,BNA_7,6
TPA_6,IAD_7,6
MEM_6,IAD_7,6
BNA_6,RDU_7,6
MCI_6,DCA_7,6
PHL_6,DTW_7,6
RDU_6,ORD_7,6
ANC_6,DTW_7,6
MCI_6,IAD_7,6
SLC_6,MCI_7,6
CLE_6,MEM_7,6
BOS_6,DTW_7,6
DFW_6,DCA_7,6
SEA_6,MCI_7,6
DCA_6,RDU_7,6
BNA_6,ORD_7,6
LGA_6,CLE_7,6
CLE_6,RDU_7,6
MCI_6,CLE_7,6
DCA_6,BNA_7,6
PWM_6,IAD_7,6
BOS_6,IAD_7,6
LAX_6,SMF_7,6
AUS_6,MEM_7,6
SYR_6,CLE_7,6
TPA_6,DTW_7,6
LGA_6,MCI_7,6
BOS_6,DCA_7,6
MEM_6,SEA_7,6
SYR_6,DTW_7,6
MEM_6,MCI_7,6
CLT_6,MEM_7,6
JAX_6,RDU_7,6
MSP_6,SMF_7,6
PHL_6,CLE_7,6
LAX_6,MEM_7,6
BOS_6,RDU_7,6
MSP_6,CLE_7,6
LGA_6,IAD_7,6
BNA_6,DTW_7,6
LGA_6,RDU_7,6
SAT_6,MEM_7,6
MEM_6,DTW_7,6
MSP_6,DCA_7,6
JAX_6,DCA_7,6
LGA_6,DTW_7,6
RDU_6,BNA_7,6
ORD_6,CLE_7,6
JAX_6,IAD_7,6
TPA_6,RDU_7,6
DTW_6,RDU_7,6
SLC_6,IAD_7,6
MDW_6,CLE_7,6
MSP_6,MEM_7,6
MEM_6,BNA_7,6
PHL_6,IAD_7,6
RDU_6,DTW_7,6
LGA_6,MDW_7,6
RNO_6,SEA_7,6
LGA_6,ORD_7,6
MSP_6,IAD_7,6
IAD_6,DCA_7,6
MEM_6,DCA_7,6
MCI_6,MEM_7,6
BOS_6,BNA_7,6
LAX_6,IAD_7,6
MEM_6,ORD_7,6
MEM_6,MDW_7,6
ORD_6,DTW_7,6
RDU_6,DCA_7,6
DFW_6,RDU_7,6
BNA_6,DCA_7,6
PHL_6,RDU_7,6
BNA_6,CLE_7,6
LGA_6,BNA_7,6
DCA_6,MEM_7,6
SEA_6,IAD_7,6
DTW_6,CLE_7,6
CLT_6,IAD_7,6
CLE_6,DCA_7,6
CLT_6,DCA_7,6
ORD_6,RDU_7,6
LGA_6,DCA_7,6
RNO_6,ORD_7,6
MDW_6,ORD_7,6
TPA_6,ORD_7,6
BOS_6,CLE_7,6
DFW_6,ORD_7,6
SYR_6,RDU_7,6
CLT_6,SEA_7,6
LAX_6,MCI_7,6
DTW_6,DCA_7,6
SAV_6,RDU_7,6
SLC_6,SMF_7,6
ORD_6,BNA_7,6
ANC_6,FAI_7,6
MSP_6,DTW_7,6
CLE_6,DTW_7,6
BOS_6,ORD_7,6
BNA_6,MEM_7,6
MDW_6,BNA_7,6
MCI_6,DTW_7,6
ANC_6,SEA_7,6
DFW_6,MCI_7,6
SEA_6,MEM_7,6
ORD_6,SMF_7,6
DFW_6,CLE_7,6
DFW_6,MDW_7,6
RDU_6,CLE_7,6
ORD_6,DCA_7,6
DCA_6,MCI_7,6
BNA_6,MDW_7,6
IAD_6,DTW_7,6
DTW_6,BNA_7,6
DTW_6,MEM_7,6
CLE_6,LAX_7,6
CLE_6,BNA_7,6
CLT_6,LAX_7,6
MDW_6,DCA_7,6
DCA_6,DTW_7,6
BNA_6,CLT_7,6
CLT_6,BNA_7,6
DFW_6,FAI_7,6
CLT_6,RDU_7,6
MDW_6,MEM_7,6
JAX_6,TPA_7,6
ORD_6,IAD_7,6
SMF_6,ORD_7,6
TPA_6,CLE_7,6
MSP_6,MCI_7,6
ORD_6,MEM_7,6
PHL_6,BNA_7,6
PHL_6,MEM_7,6
DFW_6,MEM_7,6
SAV_6,IAD_7,6
DTW_6,MCI_7,6
CLT_6,MCI_7,6
BOS_6,MDW_7,6
AUS_6,ORD_7,6
DFW_6,SMF_7,6
ORD_6,SEA_7,6
CLT_6,DTW_7,6
SEA_6,SMF_7,6
DCA_6,CLE_7,6
TPA_6,MEM_7,6
BOS_6,MEM_7,6
SEA_6,CLE_7,6
LAX_6,CLE_7,6
DFW_6,IAD_7,6
MDW_6,MCI_7,6
ORD_6,MCI_7,6
DTW_6,SEA_7,6
IAD_6,CLE_7,6
LGA_6,MEM_7,6
SEA_6,DTW_7,6
SYR_6,IAD_7,6
SEA_6,FAI_7,6
MSP_6,BNA_7,6
CLE_6,MCI_7,6
TPA_6,MDW_7,6
DFW_6,BNA_7,6
LAX_6,DTW_7,6
DTW_6,IAD_7,6
ORD_7,IAD_8,7
IAD_7,JAX_8,7
SLC_7,PHL_8,7
BOS_7,RDU_8,7
BOS_7,SYR_8,7
MCI_7,DTW_8,7
RDU_7,SYR_8,7
BNA_7,LGA_8,7
TPA_7,PHL_8,7
BNA_7,PHL_8,7
BOS_7,PHL_8,7
BNA_7,DTW_8,7
RDU_7,BNA_8,7
CLE_7,IAD_8,7
DFW_7,DTW_8,7
BNA_7,RDU_8,7
AUS_7,DFW_8,7
SEA_7,SYR_8,7
CLE_7,PHL_8,7
SAT_7,MEM_8,7
MSP_7,DTW_8,7
SYR_7,DCA_8,7
DFW_7,PHL_8,7
CLT_7,DCA_8,7
MEM_7,LGA_8,7
BOS_7,DTW_8,7
DCA_7,SYR_8,7
RDU_7,LGA_8,7
CLE_7,BOS_8,7
RNO_7,DFW_8,7
MDW_7,BOS_8,7
DCA_7,JAX_8,7
SEA_7,FAI_8,7
TPA_7,DTW_8,7
PWM_7,BOS_8,7
PWM_7,IAD_8,7
CLT_7,IAD_8,7
CLT_7,BOS_8,7
DFW_7,SYR_8,7
TPA_7,DFW_8,7
TPA_7,BNA_8,7
PHL_7,DTW_8,7
RDU_7,PHL_8,7
ORD_7,BOS_8,7
BOS_7,BNA_8,7
PWM_7,DCA_8,7
JAX_7,PHL_8,7
CLE_7,SYR_8,7
LGA_7,SYR_8,7
MEM_7,PHL_8,7
CLE_7,RDU_8,7
SYR_7,BOS_8,7
CLT_7,PHL_8,7
CLE_7,DCA_8,7
DTW_7,BOS_8,7
DFW_7,BNA_8,7
SAV_7,IAD_8,7
BNA_7,CLT_8,7
BNA_7,BOS_8,7
MSP_7,BNA_8,7
DFW_7,MEM_8,7
ORD_7,AUS_8,7
IAD_7,SAV_8,7
MCI_7,SLC_8,7
DFW_7,AUS_8,7
IAD_7,SLC_8,7
LAX_7,SLC_8,7
RNO_7,SMF_8,7
PHL_7,LGA_8,7
BOS_7,MEM_8,7
SEA_7,SMF_8,7
DFW_7,SMF_8,7
MSP_7,SLC_8,7
SAT_7,SLC_8,7
LGA_7,SAV_8,7
TPA_7,MEM_8,7
CLE_7,LGA_8,7
SMF_7,SLC_8,7
MSP_7,SMF_8,7
DCA_7,RDU_8,7
PHL_7,SAV_8,7
RDU_7,BOS_8,7
RNO_7,SLC_8,7
LGA_7,BOS_8,7
CLT_7,LGA_8,7
RDU_7,SAV_8,7
LAX_7,SMF_8,7
LGA_7,MEM_8,7
ORD_7,SMF_8,7
CLT_7,BNA_8,7
ORD_7,SLC_8,7
PHL_7,PWM_8,7
MEM_7,AUS_8,7
DTW_7,MEM_8,7
CLE_7,BNA_8,7
MDW_7,LGA_8,7
MDW_7,MEM_8,7
ORD_7,MEM_8,7
ANC_7,SLC_8,7
PHL_7,MEM_8,7
ORD_7,BNA_8,7
ORD_7,PWM_8,7
BOS_7,PWM_8,7
PHL_7,BNA_8,7
JAX_7,BNA_8,7
MDW_7,BNA_8,7
ORD_7,LGA_8,7
SLC_7,SMF_8,7
SAT_7,AUS_8,7
LGA_7,PWM_8,7
BNA_7,MEM_8,7
DTW_7,SMF_8,7
SEA_7,MEM_8,7
SEA_7,SLC_8,7
JAX_7,LGA_8,7
IAD_7,PWM_8,7
SYR_7,PHL_8,7
DCA_7,BNA_8,7
LAX_7,RDU_8,7
LGA_7,BNA_8,7
MDW_7,PHL_8,7
DCA_7,MEM_8,7
ORD_7,PHL_8,7
PHL_7,BOS_8,7
CLE_7,SAV_8,7
SEA_7,DCA_8,7
DFW_7,RDU_8,7
SLC_7,BOS_8,7
MCI_7,MEM_8,7
SEA_7,IAD_8,7
TPA_7,LGA_8,7
LAX_7,PHL_8,7
DFW_7,SAV_8,7
PWM_7,PHL_8,7
LGA_7,DCA_8,7
DFW_7,BOS_8,7
SAV_7,PHL_8,7
BNA_7,SYR_8,7
MSP_7,MEM_8,7
LGA_7,IAD_8,7
TPA_7,RDU_8,7
MEM_7,BNA_8,7
BOS_7,LGA_8,7
TPA_7,BOS_8,7
IAD_7,SYR_8,7
DTW_7,PHL_8,7
AUS_7,MEM_8,7
CLT_7,SAV_8,7
DCA_7,LGA_8,7
JAX_7,SAV_8,7
BOS_7,SLC_8,7
LAX_7,BNA_8,7
SYR_7,LGA_8,7
MEM_7,BOS_8,7
PWM_7,LGA_8,7
IAD_7,BOS_8,7
DFW_7,SLC_8,7
CLT_7,MEM_8,7
ORD_7,SAV_8,7
MSP_7,PHL_8,7
MEM_7,IAD_8,7
MSP_7,BOS_8,7
MEM_7,DCA_8,7
MCI_7,BOS_8,7
DCA_7,BOS_8,7
DCA_7,PHL_8,7
IAD_7,MEM_8,7
IAD_7,RDU_8,7
MDW_7,SAV_8,7
MCI_7,PHL_8,7
LAX_7,BOS_8,7
RDU_7,IAD_8,7
RDU_7,DCA_8,7
DFW_7,LGA_8,7
IAD_7,PHL_8,7
LAX_7,MEM_8,7
IAD_7,DTW_8,7
SAT_7,DFW_8,7
CLT_7,RDU_8,7
RDU_7,CLT_8,7
SYR_7,CLE_8,7
MEM_7,MCI_8,7
MSP_7,ORD_8,7
IAD_7,MSP_8,7
ORD_7,MDW_8,7
MCI_7,MSP_8,7
SAT_7,ORD_8,7
LAX_7,MSP_8,7
DTW_7,SEA_8,7
BOS_7,MDW_8,7
RNO_7,ORD_8,7
LAX_7,SEA_8,7
MEM_7,LAX_8,7
MSP_7,MDW_8,7
LGA_7,MCI_8,7
SEA_7,LAX_8,7
TPA_7,MDW_8,7
SEA_7,MCI_8,7
SEA_7,CLT_8,7
LGA_7,CLE_8,7
BOS_7,CLT_8,7
MDW_7,LAX_8,7
AUS_7,ORD_8,7
ORD_7,LAX_8,7
MDW_7,MCI_8,7
DTW_7,BNA_8,7
LGA_7,CLT_8,7
TPA_7,CLT_8,7
PWM_7,ORD_8,7
PHL_7,MCI_8,7
DCA_7,IAD_8,7
IAD_7,SEA_8,7
CLT_7,ORD_8,7
BNA_7,MSP_8,7
SMF_7,MSP_8,7
PHL_7,CLE_8,7
PHL_7,CLT_8,7
MCI_7,SEA_8,7
MDW_7,MSP_8,7
JAX_7,CLT_8,7
CLT_7,CLE_8,7
IAD_7,DCA_8,7
RDU_7,ORD_8,7
ORD_7,MSP_8,7
CLE_7,ORD_8,7
CLE_7,MDW_8,7
ANC_7,ORD_8,7
SEA_7,ORD_8,7
DFW_7,SEA_8,7
DTW_7,MDW_8,7
DTW_7,MSP_8,7
MEM_7,CLT_8,7
DTW_7,ORD_8,7
SAV_7,MDW_8,7
SLC_7,MCI_8,7
SYR_7,ORD_8,7
MEM_7,SEA_8,7
DCA_7,MSP_8,7
TPA_7,ORD_8,7
DFW_7,CLT_8,7
ORD_7,MCI_8,7
MSP_7,LAX_8,7
SMF_7,SEA_8,7
CLT_7,SEA_8,7
DCA_7,CLT_8,7
SLC_7,ORD_8,7
DFW_7,LAX_8,7
JAX_7,ORD_8,7
JAX_7,MDW_8,7
DFW_7,ORD_8,7
DFW_7,MDW_8,7
BOS_7,CLE_8,7
DCA_7,MCI_8,7
MSP_7,MCI_8,7
SMF_7,ORD_8,7
CLE_7,SEA_8,7
PHL_7,MDW_8,7
SAT_7,CLT_8,7
PHL_7,ORD_8,7
TPA_7,LAX_8,7
CLE_7,LAX_8,7
RNO_7,LAX_8,7
CLT_7,LAX_8,7
BOS_7,LAX_8,7
ANC_7,LAX_8,7
MSP_7,CLT_8,7
BNA_7,MDW_8,7
BNA_7,ORD_8,7
LAX_7,MCI_8,7
SAT_7,LAX_8,7
TPA_7,CLE_8,7
FAI_7,SEA_8,7
DTW_7,LAX_8,7
ORD_7,SEA_8,7
PHL_7,LAX_8,7
DTW_7,MCI_8,7
RDU_7,CLE_8,7
CLT_7,MCI_8,7
SLC_7,LAX_8,7
LAX_7,CLT_8,7
MSP_7,SEA_8,7
IAD_7,CLT_8,7
SMF_7,LAX_8,7
BOS_7,ORD_8,7
SEA_7,CLE_8,7
RNO_7,SEA_8,7
ANC_7,SEA_8,7
BNA_7,LAX_8,7
MCI_7,LAX_8,7
MCI_7,ORD_8,7
IAD_7,LAX_8,7
MCI_7,MDW_8,7
DFW_7,CLE_8,7
LAX_7,ORD_8,7
DFW_7,MCI_8,7
LAX_7,MDW_8,7
IAD_7,ORD_8,7
MCI_7,CLT_8,7
DCA_7,MDW_8,7
DCA_7,ORD_8,7
CLE_7,MCI_8,7
MCI_7,DCA_8,7
MDW_7,DFW_8,7
ANC_7,MSP_8,7
CLE_7,DTW_8,7
SEA_7,ANC_8,7
CLT_7,SAT_8,7
BOS_7,IAD_8,7
MCI_7,CLE_8,7
DFW_7,ANC_8,7
MEM_7,SAT_8,7
JAX_7,RDU_8,7
MSP_7,ANC_8,7
PHL_7,RDU_8,7
BOS_7,DCA_8,7
ANC_7,DTW_8,7
IAD_7,LGA_8,7
DCA_7,CLE_8,7
JAX_7,DFW_8,7
SLC_7,SAT_8,7
SYR_7,DTW_8,7
PHL_7,DFW_8,7
SLC_7,DFW_8,7
LAX_7,ANC_8,7
LAX_7,SAT_8,7
TPA_7,DCA_8,7
SMF_7,DFW_8,7
MCI_7,LGA_8,7
SLC_7,ANC_8,7
TPA_7,IAD_8,7
ORD_7,SAT_8,7
CLE_7,AUS_8,7
ORD_7,JAX_8,7
MSP_7,DFW_8,7
CLT_7,DTW_8,7
ORD_7,DCA_8,7
LGA_7,JAX_8,7
TPA_7,SYR_8,7
BOS_7,DFW_8,7
ANC_7,FAI_8,7
RDU_7,JAX_8,7
MDW_7,DCA_8,7
LAX_7,DFW_8,7
CLT_7,JAX_8,7
DCA_7,DTW_8,7
DTW_7,DCA_8,7
PHL_7,SYR_8,7
SAV_7,JAX_8,7
MDW_7,SAT_8,7
DTW_7,IAD_8,7
SYR_7,RDU_8,7
LAX_7,DTW_8,7
DCA_7,DFW_8,7
IAD_7,CLE_8,7
TPA_7,JAX_8,7
DFW_7,DCA_8,7
DFW_7,JAX_8,7
DFW_7,IAD_8,7
SAV_7,RDU_8,7
MDW_7,JAX_8,7
IAD_7,DFW_8,7
DTW_7,SYR_8,7
ORD_7,SYR_8,7
MCI_7,DFW_8,7
PHL_7,JAX_8,7
MDW_7,DTW_8,7
ORD_7,ANC_8,7
RDU_7,DFW_8,7
ORD_7,CLE_8,7
DTW_7,RDU_8,7
MEM_7,DFW_8,7
MSP_7,DCA_8,7
LGA_7,MDW_8,7
DFW_7,MSP_8,7
CLE_7,CLT_8,7
SLC_7,MSP_8,7
LGA_7,ORD_8,7
LGA_7,DFW_8,7
PHL_7,MSP_8,7
ORD_7,RDU_8,7
DTW_7,CLT_8,7
MSP_7,IAD_8,7
LAX_7,IAD_8,7
SLC_7,SEA_8,7
DTW_7,DFW_8,7
LAX_7,DCA_8,7
DTW_7,CLE_8,7
ORD_7,DFW_8,7
CLE_7,MSP_8,7
MEM_7,ORD_8,7
CLT_7,MSP_8,7
MEM_7,MDW_8,7
MCI_7,IAD_8,7
BNA_7,CLE_8,7
SAV_7,CLT_8,7
MEM_7,DTW_8,7
BOS_7,MSP_8,7
RNO_7,MSP_8,7
BNA_7,IAD_8,7
LAX_7,CLE_8,7
BNA_7,DFW_8,7
BNA_7,DCA_8,7
MSP_7,LGA_8,7
ORD_7,DTW_8,7
DFW_7,SAT_8,7
MSP_7,CLE_8,7
SEA_7,MSP_8,7
SAV_7,DFW_8,7
LGA_7,DTW_8,7
DTW_7,LGA_8,7
PHL_7,IAD_8,7
AUS_7,SAT_8,7
JAX_7,IAD_8,7
JAX_7,DCA_8,7
RDU_7,DTW_8,7
CLE_7,DFW_8,7
CLT_7,DFW_8,7
LGA_7,MSP_8,7
DTW_7,ANC_8,7
MDW_7,CLE_8,7
SEA_7,DTW_8,7
SEA_7,DFW_8,7
TPA_7,MSP_8,7
LGA_7,RDU_8,7
FAI_7,ANC_8,7
SLC_7,IAD_8,7
MEM_7,MSP_8,7
SAV_7,BNA_8,7
ORD_7,CLT_8,7
LGA_7,TPA_8,7
RDU_7,TPA_8,7
MEM_7,TPA_8,7
DFW_7,TPA_8,7
SAV_7,TPA_8,7
BOS_7,TPA_8,7
ORD_7,TPA_8,7
MDW_7,TPA_8,7
DTW_7,TPA_8,7
MSP_7,TPA_8,7
IAD_7,TPA_8,7
DCA_7,TPA_8,7
SYR_7,TPA_8,7
CLT_7,TPA_8,7
CLE_7,TPA_8,7
JAX_7,TPA_8,7
LAX_7,TPA_8,7
ORD_7,RNO_8,7
SEA_7,RNO_8,7
MSP_7,RNO_8,7
PHL_7,TPA_8,7
SLC_7,RNO_8,7
BNA_7,TPA_8,7
LAX_7,RNO_8,7
DFW_7,RNO_8,7
PHL_8,JAX_9,8
CLT_8,JAX_9,8
DTW_8,DCA_9,8
DTW_8,IAD_9,8
SAV_8,JAX_9,8
DFW_8,DCA_9,8
DFW_8,IAD_9,8
MEM_8,LAX_9,8
RNO_8,SEA_9,8
TPA_8,JAX_9,8
BOS_8,IAD_9,8
BOS_8,DCA_9,8
DFW_8,SEA_9,8
TPA_8,IAD_9,8
ORD_8,DCA_9,8
MDW_8,DCA_9,8
SYR_8,DCA_9,8
LGA_8,JAX_9,8
IAD_8,JAX_9,8
RDU_8,DCA_9,8
RDU_8,IAD_9,8
DCA_8,JAX_9,8
SEA_8,IAD_9,8
MEM_8,IAD_9,8
LGA_8,IAD_9,8
MEM_8,DCA_9,8
CLE_8,DCA_9,8
CLT_8,IAD_9,8
TPA_8,DCA_9,8
CLE_8,IAD_9,8
RDU_8,JAX_9,8
PWM_8,IAD_9,8
SAV_8,IAD_9,8
BNA_8,JAX_9,8
SYR_8,IAD_9,8
ORD_8,IAD_9,8
SEA_8,LAX_9,8
CLT_8,DCA_9,8
ORD_8,LAX_9,8
PHL_8,TPA_9,8
LAX_8,IAD_9,8
BNA_8,LAX_9,8
CLE_8,SEA_9,8
MCI_8,LAX_9,8
CLT_8,ORD_9,8
DCA_8,IAD_9,8
CLE_8,MDW_9,8
CLE_8,ORD_9,8
IAD_8,LAX_9,8
JAX_8,TPA_9,8
ANC_8,ORD_9,8
SAV_8,MDW_9,8
CLT_8,SEA_9,8
SAT_8,LAX_9,8
FAI_8,SEA_9,8
LAX_8,DCA_9,8
SMF_8,LAX_9,8
MCI_8,DCA_9,8
BNA_8,DCA_9,8
BNA_8,IAD_9,8
MDW_8,LAX_9,8
JAX_8,DCA_9,8
DTW_8,SEA_9,8
JAX_8,IAD_9,8
DTW_8,LAX_9,8
MEM_8,SEA_9,8
DFW_8,JAX_9,8
ORD_8,SEA_9,8
PHL_8,LAX_9,8
SLC_8,IAD_9,8
SLC_8,LAX_9,8
ANC_8,SEA_9,8
MSP_8,IAD_9,8
MSP_8,DCA_9,8
PHL_8,IAD_9,8
MDW_8,JAX_9,8
MDW_8,SAV_9,8
PHL_8,PWM_9,8
BNA_8,BOS_9,8
TPA_8,BOS_9,8
DFW_8,BOS_9,8
SLC_8,BOS_9,8
PHL_8,BOS_9,8
MSP_8,BOS_9,8
IAD_8,BOS_9,8
DTW_8,BOS_9,8
MCI_8,BOS_9,8
DCA_8,BOS_9,8
MEM_8,BOS_9,8
LGA_8,BOS_9,8
RDU_8,BOS_9,8
FAI_8,ANC_9,8
DTW_8,ANC_9,8
ORD_8,ANC_9,8
LAX_8,BOS_9,8
ORD_8,BOS_9,8
MDW_8,BOS_9,8
SYR_8,BOS_9,8
CLE_8,DFW_9,8
PHL_8,CLT_9,8
CLT_8,DFW_9,8
SEA_8,DFW_9,8
ORD_8,CLT_9,8
RDU_8,DFW_9,8
MEM_8,DFW_9,8
DTW_8,CLT_9,8
LGA_8,DFW_9,8
DTW_8,DFW_9,8
MDW_8,DFW_9,8
CLE_8,CLT_9,8
ORD_8,DFW_9,8
SAV_8,CLT_9,8
CLE_8,BOS_9,8
CLT_8,BOS_9,8
PWM_8,BOS_9,8
SLC_8,ANC_9,8
LAX_8,ANC_9,8
MSP_8,ANC_9,8
DFW_8,ANC_9,8
ORD_8,SMF_9,8
DFW_8,SMF_9,8
SEA_8,SMF_9,8
MSP_8,SMF_9,8
LAX_8,SMF_9,8
DFW_8,SAV_9,8
CLT_8,SAV_9,8
ORD_8,SAV_9,8
MSP_8,LAX_9,8
JAX_8,SAV_9,8
PHL_8,SAV_9,8
RDU_8,SAV_9,8
IAD_8,SAV_9,8
ORD_8,PWM_9,8
LGA_8,PWM_9,8
IAD_8,PWM_9,8
BOS_8,PWM_9,8
SLC_8,SMF_9,8
ORD_8,JAX_9,8
DCA_8,SYR_9,8
CLE_8,SYR_9,8
SEA_8,ANC_9,8
DFW_8,SAT_9,8
AUS_8,SAT_9,8
ORD_8,SAT_9,8
ORD_8,SYR_9,8
LAX_8,SAT_9,8
MCI_8,SAT_9,8
DTW_8,SYR_9,8
SLC_8,SAT_9,8
PHL_8,SYR_9,8
TPA_8,SYR_9,8
BOS_8,SYR_9,8
MEM_8,SAT_9,8
LGA_8,SYR_9,8
SEA_8,SYR_9,8
CLT_8,SAT_9,8
RDU_8,SYR_9,8
IAD_8,SYR_9,8
SYR_8,ORD_9,8
ANC_8,LAX_9,8
MSP_8,MDW_9,8
LGA_8,MCI_9,8
MEM_8,MCI_9,8
PHL_8,MCI_9,8
SLC_8,MCI_9,8
DTW_8,LGA_9,8
MDW_8,LGA_9,8
ORD_8,LGA_9,8
SEA_8,MCI_9,8
PHL_8,LGA_9,8
CLE_8,LGA_9,8
CLT_8,LGA_9,8
PWM_8,LGA_9,8
SYR_8,LGA_9,8
DFW_8,LGA_9,8
BOS_8,LGA_9,8
TPA_8,LGA_9,8
JAX_8,LGA_9,8
BNA_8,LGA_9,8
ORD_8,MCI_9,8
DTW_8,MCI_9,8
LAX_8,PHL_9,8
DCA_8,PHL_9,8
DFW_8,AUS_9,8
DTW_8,AUS_9,8
ORD_8,AUS_9,8
BNA_8,MCI_9,8
MSP_8,MCI_9,8
MDW_8,MCI_9,8
MSP_8,AUS_9,8
LAX_8,MCI_9,8
DCA_8,MCI_9,8
MEM_8,AUS_9,8
MSP_8,PHL_9,8
DFW_8,MCI_9,8
CLE_8,MCI_9,8
CLT_8,MCI_9,8
SAT_8,AUS_9,8
RDU_8,LGA_9,8
RDU_8,TPA_9,8
MEM_8,LGA_9,8
BOS_8,SLC_9,8
RNO_8,SLC_9,8
SMF_8,SLC_9,8
SAT_8,SLC_9,8
MSP_8,SLC_9,8
MCI_8,SLC_9,8
LAX_8,SLC_9,8
DFW_8,SLC_9,8
IAD_8,SLC_9,8
DFW_8,RNO_9,8
SEA_8,SLC_9,8
SEA_8,RNO_9,8
MSP_8,RNO_9,8
ANC_8,SLC_9,8
LAX_8,RNO_9,8
ORD_8,RNO_9,8
SLC_8,RNO_9,8
CLE_8,TPA_9,8
DCA_8,TPA_9,8
LAX_8,SEA_9,8
MCI_8,LGA_9,8
DCA_8,LGA_9,8
IAD_8,LGA_9,8
MEM_8,TPA_9,8
LGA_8,TPA_9,8
DFW_8,TPA_9,8
BOS_8,TPA_9,8
MDW_8,TPA_9,8
ORD_8,TPA_9,8
MSP_8,LGA_9,8
DTW_8,TPA_9,8
SLC_8,SEA_9,8
MSP_8,TPA_9,8
IAD_8,TPA_9,8
IAD_8,SEA_9,8
LAX_8,TPA_9,8
MCI_8,SEA_9,8
MCI_8,PHL_9,8
PWM_8,ORD_9,8
IAD_8,PHL_9,8
ORD_8,PHL_9,8
LAX_8,MEM_9,8
PHL_8,MDW_9,8
PHL_8,ORD_9,8
DCA_8,MEM_9,8
SMF_8,SEA_9,8
SYR_8,TPA_9,8
JAX_8,MDW_9,8
SLC_8,ORD_9,8
MCI_8,MEM_9,8
CLT_8,MEM_9,8
BNA_8,ORD_9,8
BNA_8,MDW_9,8
TPA_8,MEM_9,8
SMF_8,ORD_9,8
AUS_8,MEM_9,8
DFW_8,ORD_9,8
JAX_8,ORD_9,8
BOS_8,MEM_9,8
SAT_8,MEM_9,8
DCA_8,ORD_9,8
DFW_8,LAX_9,8
MSP_8,ORD_9,8
TPA_8,LAX_9,8
SAT_8,ORD_9,8
BOS_8,LAX_9,8
BNA_8,TPA_9,8
RNO_8,LAX_9,8
LAX_8,MDW_9,8
LAX_8,ORD_9,8
CLT_8,LAX_9,8
CLE_8,LAX_9,8
IAD_8,ORD_9,8
MSP_8,MEM_9,8
DCA_8,MDW_9,8
MCI_8,MDW_9,8
MCI_8,ORD_9,8
SAV_8,DFW_9,8
DFW_8,MDW_9,8
DFW_8,MEM_9,8
BOS_8,ORD_9,8
MEM_8,ORD_9,8
DFW_8,PHL_9,8
MEM_8,MDW_9,8
BNA_8,PHL_9,8
LGA_8,MDW_9,8
LGA_8,ORD_9,8
JAX_8,PHL_9,8
TPA_8,PHL_9,8
LGA_8,PHL_9,8
MEM_8,PHL_9,8
CLE_8,PHL_9,8
CLT_8,PHL_9,8
SYR_8,PHL_9,8
PWM_8,PHL_9,8
SAV_8,PHL_9,8
DTW_8,PHL_9,8
RDU_8,PHL_9,8
BOS_8,PHL_9,8
RDU_8,ORD_9,8
LGA_8,MEM_9,8
BNA_8,MEM_9,8
BOS_8,MDW_9,8
CLT_8,TPA_9,8
RNO_8,ORD_9,8
AUS_8,ORD_9,8
PHL_8,MEM_9,8
ORD_8,MEM_9,8
TPA_8,ORD_9,8
MDW_8,MEM_9,8
TPA_8,MDW_9,8
DTW_8,MEM_9,8
DTW_8,MDW_9,8
DTW_8,ORD_9,8
SEA_8,MEM_9,8
RDU_8,MEM_9,8
MSP_8,SEA_9,8
SEA_8,ORD_9,8
MDW_8,PHL_9,8
BNA_8,DFW_9,8
LGA_8,DCA_9,8
ORD_8,SLC_9,8
LAX_8,DFW_9,8
PHL_8,CLE_9,8
DCA_8,DFW_9,8
SAV_8,RDU_9,8
CLT_8,BNA_9,8
MCI_8,DFW_9,8
DTW_8,CLE_9,8
ORD_8,CLE_9,8
CLT_8,CLE_9,8
SYR_8,RDU_9,8
MDW_8,CLE_9,8
BOS_8,DFW_9,8
MSP_8,CLE_9,8
MCI_8,CLE_9,8
IAD_8,CLE_9,8
AUS_8,DFW_9,8
PHL_8,RDU_9,8
TPA_8,DFW_9,8
IAD_8,DFW_9,8
MSP_8,DFW_9,8
SAT_8,DFW_9,8
SYR_8,CLE_9,8
LAX_8,CLT_9,8
BOS_8,CLE_9,8
SAT_8,CLT_9,8
LGA_8,MSP_9,8
BNA_8,RDU_9,8
TPA_8,CLE_9,8
DFW_8,CLE_9,8
MSP_8,CLT_9,8
BNA_8,CLT_9,8
MEM_8,MSP_9,8
CLE_8,RDU_9,8
SEA_8,CLE_9,8
RDU_8,CLE_9,8
SLC_8,DFW_9,8
LGA_8,CLE_9,8
JAX_8,DFW_9,8
PHL_8,DFW_9,8
CLT_8,RDU_9,8
SEA_8,MSP_9,8
DCA_8,CLE_9,8
LAX_8,MSP_9,8
LAX_8,CLE_9,8
ANC_8,FAI_9,8
DCA_8,DTW_9,8
DCA_8,BNA_9,8
MCI_8,BNA_9,8
RDU_8,DTW_9,8
CLT_8,DTW_9,8
LAX_8,BNA_9,8
MSP_8,BNA_9,8
LGA_8,DTW_9,8
MDW_8,RDU_9,8
CLE_8,DTW_9,8
MDW_8,BNA_9,8
PHL_8,BNA_9,8
MDW_8,DTW_9,8
ANC_8,DTW_9,8
CLE_8,BNA_9,8
DTW_8,BNA_9,8
ORD_8,DTW_9,8
SYR_8,DTW_9,8
ORD_8,BNA_9,8
SEA_8,DTW_9,8
IAD_8,DTW_9,8
MCI_8,DTW_9,8
BNA_8,DTW_9,8
SEA_8,FAI_9,8
PHL_8,DTW_9,8
JAX_8,RDU_9,8
DFW_8,BNA_9,8
DFW_8,DTW_9,8
LGA_8,RDU_9,8
BOS_8,BNA_9,8
TPA_8,BNA_9,8
RDU_8,BNA_9,8
TPA_8,DTW_9,8
BOS_8,DTW_9,8
MEM_8,BNA_9,8
MEM_8,DTW_9,8
DTW_8,RDU_9,8
MSP_8,DTW_9,8
ORD_8,RDU_9,8
LAX_8,DTW_9,8
LGA_8,BNA_9,8
RNO_8,DFW_9,8
TPA_8,RDU_9,8
BNA_8,CLE_9,8
IAD_8,CLT_9,8
DFW_8,CLT_9,8
DCA_8,MSP_9,8
BOS_8,RDU_9,8
IAD_8,MSP_9,8
RNO_8,MSP_9,8
BOS_8,CLT_9,8
DTW_8,MSP_9,8
TPA_8,CLT_9,8
ORD_8,MSP_9,8
DFW_8,RDU_9,8
DCA_8,CLT_9,8
DFW_8,MSP_9,8
MDW_8,MSP_9,8
IAD_8,RDU_9,8
SMF_8,MSP_9,8
RDU_8,CLT_9,8
SLC_8,MSP_9,8
BNA_8,MSP_9,8
LGA_8,CLT_9,8
MEM_8,CLT_9,8
ANC_8,MSP_9,8
JAX_8,CLT_9,8
PHL_8,MSP_9,8
DCA_8,RDU_9,8
CLE_8,MSP_9,8
CLT_8,MSP_9,8
SMF_8,DFW_9,8
MCI_8,CLT_9,8
BOS_8,MSP_9,8
SEA_8,CLT_9,8
MCI_8,MSP_9,8
TPA_8,MSP_9,8
MSP_9,MEM_10,9
MEM_9,BNA_10,9
IAD_9,SLC_10,9
DCA_9,ORD_10,9
DCA_9,MDW_10,9
SMF_9,MSP_10,9
MCI_9,MDW_10,9
IAD_9,ORD_10,9
MCI_9,ORD_10,9
MEM_9,DTW_10,9
MCI_9,SLC_10,9
SYR_9,TPA_10,9
SAT_9,MEM_10,9
DTW_9,RDU_10,9
LAX_9,MDW_10,9
IAD_9,RDU_10,9
BOS_9,CLE_10,9
ORD_9,RDU_10,9
CLT_9,LAX_10,9
LGA_9,BNA_10,9
CLE_9,LAX_10,9
ANC_9,LAX_10,9
LAX_9,ORD_10,9
SEA_9,DTW_10,9
DCA_9,RDU_10,9
BOS_9,MSP_10,9
RDU_9,DTW_10,9
LAX_9,SLC_10,9
BNA_9,LGA_10,9
JAX_9,MDW_10,9
SAT_9,ORD_10,9
JAX_9,ORD_10,9
MSP_9,SLC_10,9
TPA_9,MEM_10,9
DFW_9,ORD_10,9
RNO_9,MSP_10,9
DFW_9,SLC_10,9
RNO_9,SLC_10,9
DFW_9,MDW_10,9
AUS_9,MEM_10,9
BOS_9,MEM_10,9
SMF_9,ORD_10,9
SLC_9,FAI_10,9
BOS_9,SLC_10,9
CLT_9,MEM_10,9
DCA_9,LGA_10,9
LGA_9,RDU_10,9
BOS_9,LGA_10,9
DFW_9,BNA_10,9
MCI_9,MEM_10,9
BNA_9,ORD_10,9
BNA_9,MDW_10,9
DCA_9,MEM_10,9
TPA_9,LGA_10,9
TPA_9,BNA_10,9
SMF_9,SLC_10,9
PHL_9,ORD_10,9
PHL_9,MDW_10,9
SLC_9,MSP_10,9
SLC_9,ORD_10,9
RDU_9,BNA_10,9
LAX_9,MEM_10,9
SAT_9,SLC_10,9
BOS_9,BNA_10,9
BOS_9,LAX_10,9
RNO_9,LAX_10,9
MSP_9,MDW_10,9
TPA_9,MSP_10,9
IAD_9,DCA_10,9
BNA_9,LAX_10,9
ORD_9,BNA_10,9
PHL_9,TPA_10,9
PHL_9,MSP_10,9
ANC_9,SLC_10,9
CLT_9,MSP_10,9
MDW_9,BNA_10,9
CLT_9,SEA_10,9
LAX_9,RNO_10,9
JAX_9,TPA_10,9
LAX_9,IAD_10,9
SMF_9,LAX_10,9
LGA_9,DTW_10,9
FAI_9,SEA_10,9
ORD_9,SLC_10,9
SMF_9,RNO_10,9
MCI_9,DCA_10,9
BOS_9,RDU_10,9
DTW_9,BNA_10,9
SLC_9,LAX_10,9
ORD_9,DTW_10,9
MDW_9,DTW_10,9
ANC_9,SEA_10,9
MSP_9,IAD_10,9
MSP_9,DCA_10,9
ORD_9,SEA_10,9
PHL_9,LAX_10,9
RDU_9,TPA_10,9
CLE_9,SEA_10,9
SEA_9,FAI_10,9
DCA_9,IAD_10,9
CLE_9,ORD_10,9
SMF_9,SEA_10,9
BNA_9,TPA_10,9
DCA_9,BNA_10,9
TPA_9,LAX_10,9
SLC_9,RNO_10,9
MCI_9,BNA_10,9
SEA_9,SLC_10,9
DFW_9,RNO_10,9
BNA_9,MSP_10,9
JAX_9,CLT_10,9
DFW_9,LAX_10,9
MSP_9,LAX_10,9
SAT_9,LAX_10,9
PWM_9,ORD_10,9
CLT_9,ORD_10,9
SEA_9,RNO_10,9
SYR_9,MDW_10,9
SAV_9,MDW_10,9
SAV_9,ORD_10,9
LAX_9,BNA_10,9
ANC_9,ORD_10,9
RDU_9,LGA_10,9
CLE_9,MSP_10,9
IAD_9,LAX_10,9
MEM_9,LGA_10,9
LAX_9,MSP_10,9
MSP_9,BNA_10,9
MCI_9,LAX_10,9
CLE_9,MDW_10,9
MSP_9,RNO_10,9
SYR_9,ORD_10,9
ORD_9,LGA_10,9
DFW_9,LGA_10,9
RNO_9,ORD_10,9
MSP_9,MCI_10,9
MCI_9,LGA_10,9
SEA_9,MSP_10,9
CLT_9,RDU_10,9
MSP_9,AUS_10,9
BNA_9,MCI_10,9
PHL_9,LGA_10,9
MDW_9,TPA_10,9
ORD_9,AUS_10,9
SYR_9,CLE_10,9
DFW_9,AUS_10,9
BOS_9,AUS_10,9
PHL_9,AUS_10,9
MCI_9,PHL_10,9
LGA_9,CLE_10,9
ORD_9,TPA_10,9
CLE_9,LGA_10,9
SLC_9,SEA_10,9
IAD_9,PHL_10,9
LAX_9,PHL_10,9
DTW_9,TPA_10,9
CLT_9,CLE_10,9
ORD_9,PHL_10,9
MDW_9,PHL_10,9
DTW_9,PHL_10,9
MCI_9,MSP_10,9
TPA_9,CLE_10,9
CLT_9,LGA_10,9
SAV_9,PHL_10,9
PHL_9,CLE_10,9
SYR_9,RDU_10,9
PWM_9,PHL_10,9
JAX_9,LGA_10,9
DCA_9,MCI_10,9
DTW_9,LGA_10,9
LGA_9,TPA_10,9
SLC_9,MCI_10,9
IAD_9,LGA_10,9
PHL_9,MCI_10,9
DFW_9,CLE_10,9
MEM_9,MCI_10,9
LGA_9,MCI_10,9
CLE_9,RDU_10,9
SEA_9,MCI_10,9
MDW_9,LGA_10,9
ORD_9,MCI_10,9
MDW_9,MCI_10,9
DFW_9,TPA_10,9
SAT_9,AUS_10,9
RDU_9,CLE_10,9
IAD_9,MSP_10,9
CLE_9,MCI_10,9
SEA_9,CLE_10,9
CLT_9,MCI_10,9
DFW_9,MCI_10,9
MEM_9,MSP_10,9
MSP_9,PHL_10,9
TPA_9,RDU_10,9
BOS_9,TPA_10,9
BOS_9,MCI_10,9
MEM_9,AUS_10,9
LGA_9,AUS_10,9
LAX_9,MCI_10,9
MSP_9,LGA_10,9
DTW_9,MCI_10,9
DFW_9,MEM_10,9
BNA_9,CLE_10,9
CLE_9,PHL_10,9
DTW_9,MDW_10,9
LGA_9,MSP_10,9
DTW_9,ORD_10,9
SEA_9,MEM_10,9
MCI_9,SEA_10,9
MCI_9,CLE_10,9
DTW_9,MEM_10,9
MDW_9,ORD_10,9
DFW_9,MSP_10,9
IAD_9,CLE_10,9
ORD_9,MEM_10,9
DCA_9,CLE_10,9
BOS_9,ORD_10,9
MDW_9,MEM_10,9
MSP_9,SEA_10,9
LAX_9,TPA_10,9
SYR_9,LGA_10,9
CLT_9,TPA_10,9
JAX_9,RDU_10,9
TPA_9,MDW_10,9
BNA_9,RDU_10,9
LAX_9,CLE_10,9
MDW_9,MSP_10,9
CLE_9,TPA_10,9
PHL_9,MEM_10,9
TPA_9,ORD_10,9
BNA_9,MEM_10,9
ANC_9,FAI_10,9
PHL_9,RDU_10,9
AUS_9,ORD_10,9
BOS_9,MDW_10,9
SYR_9,PHL_10,9
MEM_9,TPA_10,9
LAX_9,SEA_10,9
CLT_9,PHL_10,9
DTW_9,MSP_10,9
MEM_9,PHL_10,9
SAV_9,RDU_10,9
SEA_9,PHL_10,9
MSP_9,TPA_10,9
RDU_9,PHL_10,9
LGA_9,PHL_10,9
DCA_9,MSP_10,9
DTW_9,CLE_10,9
JAX_9,PHL_10,9
LGA_9,ORD_10,9
ORD_9,MSP_10,9
IAD_9,TPA_10,9
SEA_9,ORD_10,9
LGA_9,MDW_10,9
ORD_9,CLE_10,9
IAD_9,SEA_10,9
MDW_9,CLE_10,9
DFW_9,PHL_10,9
DFW_9,RDU_10,9
DCA_9,TPA_10,9
BOS_9,PHL_10,9
TPA_9,PHL_10,9
PWM_9,LGA_10,9
MEM_9,ORD_10,9
MEM_9,MDW_10,9
RDU_9,ORD_10,9
MSP_9,CLE_10,9
LGA_9,MEM_10,9
BNA_9,PHL_10,9
PWM_9,DTW_10,9
MSP_9,ORD_10,9
IAD_9,DFW_10,9
IAD_9,SYR_10,9
SYR_9,BOS_10,9
IAD_9,JAX_10,9
DCA_9,SYR_10,9
RDU_9,DCA_10,9
RDU_9,IAD_10,9
BOS_9,CLT_10,9
LAX_9,SYR_10,9
TPA_9,CLT_10,9
SAT_9,CLT_10,9
PHL_9,JAX_10,9
MDW_9,BOS_10,9
ORD_9,BOS_10,9
DFW_9,CLT_10,9
LGA_9,JAX_10,9
DCA_9,DFW_10,9
MEM_9,IAD_10,9
MEM_9,DCA_10,9
SLC_9,SMF_10,9
DTW_9,BOS_10,9
DFW_9,DTW_10,9
TPA_9,DTW_10,9
DCA_9,JAX_10,9
CLE_9,SYR_10,9
SAV_9,BOS_10,9
MDW_9,DFW_10,9
MSP_9,DFW_10,9
LAX_9,ANC_10,9
SLC_9,ANC_10,9
MSP_9,CLT_10,9
SAV_9,CLT_10,9
CLT_9,SAT_10,9
CLE_9,DCA_10,9
IAD_9,CLT_10,9
CLT_9,BOS_10,9
ORD_9,SAT_10,9
CLT_9,DCA_10,9
CLE_9,IAD_10,9
CLE_9,BOS_10,9
ORD_9,RNO_10,9
LGA_9,IAD_10,9
LGA_9,DCA_10,9
SLC_9,IAD_10,9
ORD_9,ANC_10,9
PWM_9,BOS_10,9
BOS_9,DTW_10,9
SEA_9,IAD_10,9
MSP_9,DTW_10,9
PWM_9,IAD_10,9
RDU_9,JAX_10,9
BNA_9,BOS_10,9
PHL_9,BOS_10,9
LGA_9,BOS_10,9
ORD_9,PWM_10,9
LAX_9,SMF_10,9
IAD_9,SAV_10,9
DCA_9,CLT_10,9
MSP_9,BOS_10,9
AUS_9,DFW_10,9
LAX_9,BOS_10,9
MEM_9,BOS_10,9
RDU_9,SAV_10,9
IAD_9,BOS_10,9
LAX_9,CLT_10,9
PHL_9,SAV_10,9
BOS_9,DFW_10,9
DFW_9,SAV_10,9
JAX_9,SAV_10,9
MDW_9,SAV_10,9
MCI_9,BOS_10,9
ORD_9,SAV_10,9
CLT_9,SAV_10,9
MSP_9,SMF_10,9
LGA_9,PWM_10,9
IAD_9,PWM_10,9
DCA_9,PWM_10,9
CLT_9,JAX_10,9
LAX_9,DFW_10,9
SAV_9,JAX_10,9
TPA_9,JAX_10,9
ORD_9,SMF_10,9
FAI_9,ANC_10,9
BNA_9,DTW_10,9
RDU_9,BOS_10,9
MCI_9,DFW_10,9
DFW_9,JAX_10,9
PHL_9,DTW_10,9
ORD_9,JAX_10,9
TPA_9,BOS_10,9
DFW_9,SMF_10,9
SEA_9,SMF_10,9
MDW_9,JAX_10,9
PHL_9,PWM_10,9
MCI_9,CLT_10,9
DFW_9,BOS_10,9
BOS_9,PWM_10,9
SLC_9,BOS_10,9
TPA_9,DFW_10,9
RNO_9,DFW_10,9
LAX_9,DTW_10,9
CLT_9,IAD_10,9
DCA_9,BOS_10,9
RDU_9,DFW_10,9
RDU_9,SYR_10,9
SLC_9,DFW_10,9
MEM_9,LAX_10,9
CLT_9,DFW_10,9
CLT_9,BNA_10,9
CLE_9,DFW_10,9
AUS_9,SAT_10,9
PHL_9,DFW_10,9
BOS_9,DCA_10,9
CLT_9,DTW_10,9
MEM_9,DFW_10,9
ORD_9,CLT_10,9
RNO_9,SEA_10,9
IAD_9,DTW_10,9
BOS_9,IAD_10,9
CLE_9,BNA_10,9
SEA_9,ANC_10,9
LGA_9,DFW_10,9
TPA_9,IAD_10,9
TPA_9,DCA_10,9
SLC_9,SAT_10,9
MEM_9,SEA_10,9
MDW_9,LAX_10,9
PHL_9,CLT_10,9
SMF_9,DFW_10,9
PHL_9,BNA_10,9
BNA_9,CLT_10,9
DTW_9,SYR_10,9
DFW_9,SAT_10,9
ORD_9,LAX_10,9
BNA_9,DCA_10,9
DFW_9,SEA_10,9
MEM_9,CLT_10,9
SEA_9,LAX_10,9
CLE_9,DTW_10,9
SEA_9,DFW_10,9
BNA_9,IAD_10,9
PHL_9,SYR_10,9
MCI_9,DTW_10,9
TPA_9,SYR_10,9
LGA_9,SYR_10,9
RDU_9,CLT_10,9
DTW_9,DFW_10,9
SEA_9,CLT_10,9
DFW_9,ANC_10,9
PHL_9,IAD_10,9
ORD_9,IAD_10,9
SAV_9,DFW_10,9
JAX_9,DCA_10,9
ORD_9,DCA_10,9
MEM_9,SAT_10,9
SAT_9,DFW_10,9
ORD_9,SYR_10,9
JAX_9,IAD_10,9
MDW_9,DCA_10,9
DTW_9,LAX_10,9
ORD_9,DFW_10,9
DCA_9,DTW_10,9
BNA_9,DFW_10,9
SYR_9,DCA_10,9
LAX_9,SAT_10,9
LGA_9,CLT_10,9
DTW_9,CLT_10,9
BOS_9,SYR_10,9
SYR_9,IAD_10,9
JAX_9,DFW_10,9
SAV_9,IAD_10,9
CLE_9,CLT_10,9
SYR_9,DTW_10,9
DFW_9,IAD_10,9
DFW_9,DCA_10,9
DTW_9,DCA_10,9
DTW_9,IAD_10,9
DTW_9,SEA_10,9
MEM_10,BOS_11,10
JAX_10,DFW_11,10
TPA_10,LGA_11,10
DFW_10,LGA_11,10
SLC_10,DFW_11,10
BOS_10,SAT_11,10
BNA_10,LGA_11,10
ORD_10,SAT_11,10
AUS_10,SAT_11,10
BOS_10,LGA_11,10
LGA_10,BOS_11,10
DTW_10,MCI_11,10
CLE_10,MCI_11,10
LAX_10,CLT_11,10
MDW_10,MCI_11,10
MDW_10,LGA_11,10
ORD_10,MCI_11,10
TPA_10,CLE_11,10
ORD_10,ANC_11,10
PHL_10,MCI_11,10
PHL_10,LGA_11,10
DFW_10,ANC_11,10
BOS_10,ANC_11,10
SLC_10,MCI_11,10
JAX_10,LGA_11,10
LGA_10,MSP_11,10
ORD_10,LGA_11,10
DTW_10,LGA_11,10
LAX_10,ANC_11,10
MSP_10,CLT_11,10
AUS_10,CLE_11,10
SLC_10,ANC_11,10
BOS_10,CLE_11,10
SLC_10,LGA_11,10
DTW_10,ANC_11,10
SYR_10,LGA_11,10
RDU_10,BOS_11,10
DFW_10,SAT_11,10
SEA_10,MCI_11,10
PWM_10,LGA_11,10
RDU_10,CLE_11,10
SAT_10,CLT_11,10
SAV_10,LGA_11,10
CLT_10,LGA_11,10
FAI_10,ANC_11,10
CLE_10,LGA_11,10
DFW_10,CLE_11,10
SEA_10,ANC_11,10
MEM_10,MCI_11,10
BNA_10,CLT_11,10
LGA_10,MCI_11,10
LAX_10,MSP_11,10
IAD_10,CLT_11,10
MCI_10,SLC_11,10
LAX_10,SLC_11,10
LGA_10,CLT_11,10
DTW_10,CLT_11,10
MSP_10,SLC_11,10
LGA_10,DFW_11,10
SAT_10,SLC_11,10
SMF_10,SLC_11,10
SMF_10,MSP_11,10
RNO_10,SLC_11,10
BOS_10,SLC_11,10
MDW_10,MSP_11,10
DTW_10,DFW_11,10
ORD_10,DFW_11,10
CLE_10,CLT_11,10
DFW_10,SLC_11,10
ORD_10,MSP_11,10
DFW_10,MSP_11,10
CLT_10,TPA_11,10
LAX_10,SEA_11,10
IAD_10,TPA_11,10
BNA_10,MSP_11,10
IAD_10,SLC_11,10
MEM_10,DFW_11,10
SLC_10,RNO_11,10
CLT_10,MSP_11,10
ORD_10,RNO_11,10
JAX_10,CLT_11,10
SMF_10,RNO_11,10
ORD_10,SLC_11,10
CLE_10,MSP_11,10
LAX_10,RNO_11,10
PHL_10,MSP_11,10
SAV_10,DFW_11,10
SMF_10,DFW_11,10
MDW_10,DFW_11,10
ANC_10,SLC_11,10
CLE_10,DFW_11,10
MSP_10,RNO_11,10
CLT_10,DFW_11,10
SEA_10,RNO_11,10
MEM_10,CLT_11,10
SEA_10,SLC_11,10
DFW_10,RNO_11,10
RDU_10,DFW_11,10
ORD_10,CLT_11,10
SEA_10,DFW_11,10
PHL_10,CLT_11,10
RDU_10,LGA_11,10
RDU_10,CLT_11,10
TPA_10,CLT_11,10
TPA_10,BOS_11,10
BOS_10,TPA_11,10
DCA_10,CLT_11,10
IAD_10,MSP_11,10
DFW_10,TPA_11,10
DFW_10,BOS_11,10
LGA_10,TPA_11,10
MCI_10,CLT_11,10
IAD_10,LGA_11,10
MEM_10,TPA_11,10
DCA_10,LGA_11,10
SLC_10,BOS_11,10
MCI_10,LGA_11,10
PHL_10,BOS_11,10
MSP_10,BOS_11,10
DCA_10,BOS_11,10
DCA_10,MSP_11,10
RDU_10,TPA_11,10
IAD_10,BOS_11,10
LAX_10,BOS_11,10
MEM_10,LGA_11,10
BNA_10,BOS_11,10
MCI_10,MSP_11,10
TPA_10,MSP_11,10
MDW_10,TPA_11,10
SAV_10,CLT_11,10
BOS_10,CLT_11,10
CLE_10,BOS_11,10
CLT_10,BOS_11,10
MCI_10,TPA_11,10
DCA_10,TPA_11,10
LAX_10,TPA_11,10
PWM_10,BOS_11,10
DTW_10,MSP_11,10
IAD_10,SEA_11,10
MCI_10,SEA_11,10
RNO_10,MSP_11,10
MSP_10,TPA_11,10
SYR_10,BOS_11,10
DTW_10,TPA_11,10
MDW_10,BOS_11,10
ORD_10,BOS_11,10
BOS_10,MSP_11,10
DTW_10,BOS_11,10
DFW_10,CLT_11,10
MSP_10,LGA_11,10
ORD_10,TPA_11,10
SLC_10,SEA_11,10
CLT_10,MCI_11,10
PHL_10,DCA_11,10
ORD_10,SYR_11,10
SAT_10,DTW_11,10
CLE_10,DCA_11,10
CLT_10,DCA_11,10
MSP_10,DTW_11,10
CLT_10,IAD_11,10
SAT_10,MEM_11,10
MEM_10,BNA_11,10
CLE_10,IAD_11,10
CLE_10,LAX_11,10
SYR_10,DCA_11,10
PWM_10,IAD_11,10
MEM_10,DTW_11,10
CLT_10,LAX_11,10
ANC_10,LAX_11,10
BOS_10,LAX_11,10
LGA_10,BNA_11,10
SAV_10,IAD_11,10
RNO_10,LAX_11,10
MCI_10,BNA_11,10
SYR_10,IAD_11,10
TPA_10,LAX_11,10
ORD_10,DCA_11,10
ORD_10,IAD_11,10
MSP_10,MEM_11,10
IAD_10,DTW_11,10
LGA_10,DCA_11,10
RDU_10,BNA_11,10
SEA_10,FAI_11,10
DFW_10,DTW_11,10
RDU_10,JAX_11,10
AUS_10,MEM_11,10
LGA_10,JAX_11,10
DFW_10,BNA_11,10
MEM_10,DCA_11,10
TPA_10,DTW_11,10
CLT_10,MEM_11,10
PHL_10,JAX_11,10
JAX_10,JAX_11,10
TPA_10,BNA_11,10
AUS_10,BNA_11,10
SEA_10,IAD_11,10
RDU_10,IAD_11,10
LAX_10,MEM_11,10
RDU_10,DCA_11,10
DCA_10,JAX_11,10
BOS_10,BNA_11,10
BOS_10,DTW_11,10
IAD_10,JAX_11,10
MCI_10,MEM_11,10
DCA_10,MEM_11,10
LGA_10,IAD_11,10
BOS_10,MEM_11,10
MDW_10,DCA_11,10
MCI_10,DTW_11,10
ORD_10,BNA_11,10
PHL_10,BNA_11,10
SYR_10,DTW_11,10
DTW_10,BNA_11,10
BNA_10,LAX_11,10
MCI_10,DCA_11,10
LAX_10,IAD_11,10
SMF_10,LAX_11,10
JAX_10,IAD_11,10
CLE_10,BNA_11,10
SLC_10,IAD_11,10
IAD_10,DCA_11,10
MDW_10,LAX_11,10
JAX_10,DCA_11,10
ORD_10,LAX_11,10
DTW_10,LAX_11,10
CLT_10,BNA_11,10
MSP_10,DCA_11,10
MSP_10,IAD_11,10
SLC_10,LAX_11,10
PHL_10,LAX_11,10
MDW_10,DTW_11,10
PHL_10,IAD_11,10
BNA_10,DCA_11,10
DCA_10,DTW_11,10
ORD_10,DTW_11,10
CLE_10,DTW_11,10
DTW_10,DCA_11,10
DTW_10,IAD_11,10
DFW_10,LAX_11,10
DFW_10,DCA_11,10
LAX_10,BNA_11,10
DFW_10,IAD_11,10
LAX_10,DTW_11,10
RDU_10,DTW_11,10
DCA_10,BNA_11,10
SEA_10,DTW_11,10
BOS_10,IAD_11,10
SAT_10,LAX_11,10
MSP_10,LAX_11,10
CLT_10,DTW_11,10
BOS_10,DCA_11,10
MSP_10,BNA_11,10
TPA_10,IAD_11,10
MDW_10,BNA_11,10
IAD_10,LAX_11,10
TPA_10,DCA_11,10
MCI_10,LAX_11,10
MEM_10,LAX_11,10
LGA_10,DTW_11,10
SEA_10,LAX_11,10
TPA_10,MEM_11,10
PHL_10,DTW_11,10
CLT_10,JAX_11,10
LGA_10,SYR_11,10
PHL_10,AUS_11,10
MCI_10,PHL_11,10
MEM_10,SAT_11,10
RDU_10,SYR_11,10
SYR_10,CLE_11,10
IAD_10,PHL_11,10
LAX_10,PHL_11,10
CLT_10,CLE_11,10
CLT_10,SAT_11,10
CLT_10,SYR_11,10
ORD_10,PHL_11,10
MDW_10,PHL_11,10
CLE_10,SYR_11,10
DTW_10,PHL_11,10
PHL_10,CLE_11,10
PWM_10,PHL_11,10
IAD_10,SYR_11,10
DCA_10,SYR_11,10
SYR_10,PHL_11,10
SLC_10,SMF_11,10
CLE_10,PHL_11,10
BNA_10,CLE_11,10
DFW_10,AUS_11,10
CLT_10,PHL_11,10
LGA_10,CLE_11,10
BNA_10,MCI_11,10
DFW_10,MCI_11,10
PHL_10,DFW_11,10
MSP_10,PHL_11,10
TPA_10,MCI_11,10
MEM_10,MSP_11,10
LAX_10,SAT_11,10
MEM_10,AUS_11,10
BOS_10,MCI_11,10
SLC_10,SAT_11,10
LAX_10,MCI_11,10
LAX_10,AUS_11,10
DCA_10,MCI_11,10
DTW_10,SYR_11,10
IAD_10,MCI_11,10
SAT_10,AUS_11,10
PHL_10,SYR_11,10
SEA_10,MSP_11,10
MSP_10,MCI_11,10
TPA_10,SYR_11,10
BOS_10,SYR_11,10
BNA_10,AUS_11,10
ORD_10,AUS_11,10
MSP_10,DFW_11,10
SAT_10,DFW_11,10
ORD_10,SMF_11,10
MEM_10,PHL_11,10
RDU_10,PHL_11,10
LAX_10,CLE_11,10
IAD_10,CLE_11,10
AUS_10,DFW_11,10
ORD_10,PWM_11,10
TPA_10,DFW_11,10
DTW_10,MEM_11,10
LGA_10,PWM_11,10
IAD_10,PWM_11,10
MDW_10,MEM_11,10
BOS_10,PWM_11,10
ORD_10,MEM_11,10
PHL_10,PWM_11,10
RNO_10,DFW_11,10
PHL_10,MEM_11,10
MCI_10,CLE_11,10
ORD_10,JAX_11,10
MDW_10,JAX_11,10
DFW_10,JAX_11,10
BNA_10,MEM_11,10
ANC_10,FAI_11,10
DFW_10,MEM_11,10
BNA_10,DTW_11,10
SAV_10,JAX_11,10
IAD_10,SAV_11,10
DCA_10,CLE_11,10
SEA_10,MEM_11,10
RDU_10,SAV_11,10
DFW_10,SMF_11,10
DTW_10,CLE_11,10
LGA_10,PHL_11,10
SEA_10,SMF_11,10
MSP_10,SMF_11,10
MCI_10,DFW_11,10
JAX_10,PHL_11,10
IAD_10,DFW_11,10
LAX_10,SMF_11,10
BNA_10,PHL_11,10
DFW_10,SAV_11,10
IAD_10,SAT_11,10
DFW_10,PHL_11,10
LAX_10,DFW_11,10
ORD_10,CLE_11,10
CLT_10,SAV_11,10
ORD_10,SAV_11,10
BOS_10,PHL_11,10
DCA_10,DFW_11,10
TPA_10,PHL_11,10
MSP_10,CLE_11,10
BOS_10,DFW_11,10
LGA_10,MEM_11,10
JAX_10,SAV_11,10
MDW_10,CLE_11,10
BNA_10,DFW_11,10
SLC_10,MSP_11,10
DCA_10,RDU_11,10
SYR_10,ORD_11,10
SYR_10,RDU_11,10
PWM_10,ORD_11,10
DTW_10,SEA_11,10
SAV_10,RDU_11,10
TPA_10,ORD_11,10
ANC_10,ORD_11,10
MEM_10,SEA_11,10
BOS_10,ORD_11,10
MSP_10,ORD_11,10
DFW_10,SEA_11,10
SAT_10,ORD_11,10
CLE_10,MDW_11,10
BNA_10,RDU_11,10
DFW_10,ORD_11,10
SYR_10,TPA_11,10
IAD_10,RDU_11,10
CLE_10,TPA_11,10
RNO_10,SEA_11,10
ORD_10,SEA_11,10
CLE_10,RDU_11,10
DTW_10,ORD_11,10
DTW_10,MDW_11,10
PHL_10,TPA_11,10
CLT_10,ORD_11,10
DFW_10,RDU_11,10
FAI_10,SEA_11,10
SEA_10,ORD_11,10
RDU_10,ORD_11,10
JAX_10,ORD_11,10
JAX_10,RDU_11,10
MSP_10,SEA_11,10
AUS_10,ORD_11,10
ANC_10,SEA_11,10
TPA_10,MDW_11,10
SAV_10,ORD_11,10
PHL_10,RDU_11,10
BOS_10,MDW_11,10
RNO_10,ORD_11,10
MSP_10,MDW_11,10
CLE_10,ORD_11,10
BNA_10,ORD_11,10
PHL_10,MDW_11,10
MCI_10,MDW_11,10
ORD_10,RDU_11,10
LGA_10,ORD_11,10
LGA_10,RDU_11,10
LGA_10,MDW_11,10
DCA_10,ORD_11,10
BNA_10,MDW_11,10
BOS_10,RDU_11,10
SMF_10,ORD_11,10
MEM_10,MDW_11,10
MCI_10,ORD_11,10
MEM_10,ORD_11,10
LAX_10,MDW_11,10
SLC_10,ORD_11,10
SMF_10,SEA_11,10
BNA_10,TPA_11,10
CLT_10,RDU_11,10
JAX_10,MDW_11,10
IAD_10,ORD_11,10
PHL_10,ORD_11,10
DFW_10,MDW_11,10
TPA_10,RDU_11,10
DCA_10,MDW_11,10
LAX_10,ORD_11,10
DTW_10,RDU_11,10
MSP_11,LAX_12,11
PHL_11,ORD_12,11
CLE_11,MDW_12,11
MSP_11,MEM_12,11
LAX_11,MDW_12,11
IAD_11,LAX_12,11
ANC_11,ORD_12,11
CLE_11,ORD_12,11
PHL_11,TPA_12,11
LAX_11,ORD_12,11
SMF_11,SEA_12,11
CLE_11,LAX_12,11
IAD_11,ORD_12,11
TPA_11,LAX_12,11
BNA_11,TPA_12,11
DCA_11,ORD_12,11
RNO_11,LAX_12,11
SAT_11,ORD_12,11
MSP_11,MDW_12,11
BOS_11,LAX_12,11
SAT_11,LAX_12,11
DFW_11,LAX_12,11
ANC_11,LAX_12,11
PWM_11,ORD_12,11
CLT_11,LAX_12,11
DCA_11,MDW_12,11
MCI_11,MDW_12,11
SYR_11,ORD_12,11
MCI_11,ORD_12,11
SAV_11,ORD_12,11
MSP_11,ORD_12,11
DCA_11,BNA_12,11
SMF_11,LAX_12,11
MCI_11,LAX_12,11
SAV_11,IAD_12,11
BOS_11,DFW_12,11
ORD_11,IAD_12,11
MCI_11,DFW_12,11
DCA_11,DFW_12,11
LAX_11,DFW_12,11
SYR_11,IAD_12,11
IAD_11,DFW_12,11
ORD_11,DCA_12,11
DTW_11,DCA_12,11
SAT_11,DFW_12,11
DTW_11,IAD_12,11
MSP_11,DFW_12,11
DFW_11,DCA_12,11
MDW_11,DCA_12,11
DFW_11,IAD_12,11
SYR_11,DCA_12,11
AUS_11,DFW_12,11
IAD_11,JAX_12,11
DCA_11,JAX_12,11
SEA_11,IAD_12,11
MSP_11,JAX_12,11
LGA_11,IAD_12,11
LGA_11,DCA_12,11
PWM_11,IAD_12,11
CLT_11,DCA_12,11
CLT_11,IAD_12,11
SYR_11,PHL_12,11
RNO_11,DFW_12,11
TPA_11,DFW_12,11
CLE_11,IAD_12,11
CLE_11,DCA_12,11
PHL_11,MSP_12,11
SLC_11,DFW_12,11
BOS_11,DCA_12,11
BOS_11,IAD_12,11
PHL_11,DCA_12,11
SLC_11,IAD_12,11
MSP_11,IAD_12,11
MSP_11,DCA_12,11
ANC_11,SEA_12,11
SLC_11,LAX_12,11
ORD_11,SEA_12,11
PHL_11,LAX_12,11
IAD_11,DCA_12,11
MCI_11,DCA_12,11
LAX_11,IAD_12,11
SLC_11,TPA_12,11
DCA_11,IAD_12,11
BNA_11,LAX_12,11
FAI_11,SEA_12,11
DTW_11,LAX_12,11
JAX_11,IAD_12,11
DTW_11,SEA_12,11
JAX_11,DFW_12,11
MEM_11,LAX_12,11
RNO_11,SEA_12,11
PHL_11,DFW_12,11
DFW_11,SEA_12,11
TPA_11,IAD_12,11
TPA_11,DCA_12,11
SEA_11,LAX_12,11
MEM_11,SEA_12,11
BNA_11,DCA_12,11
BNA_11,IAD_12,11
ORD_11,LAX_12,11
MDW_11,LAX_12,11
PHL_11,IAD_12,11
JAX_11,DCA_12,11
CLT_11,ORD_12,11
SAT_11,MEM_12,11
MCI_11,PHL_12,11
SLC_11,ORD_12,11
ORD_11,CLT_12,11
RDU_11,DFW_12,11
MEM_11,TPA_12,11
IAD_11,LGA_12,11
CLE_11,DFW_12,11
BNA_11,CLE_12,11
CLT_11,DFW_12,11
DCA_11,LGA_12,11
JAX_11,CLT_12,11
SAV_11,DFW_12,11
BNA_11,DFW_12,11
MDW_11,PHL_12,11
SEA_11,TPA_12,11
PHL_11,CLT_12,11
MCI_11,LGA_12,11
MEM_11,LGA_12,11
DTW_11,CLE_12,11
RDU_11,LGA_12,11
SMF_11,DFW_12,11
BNA_11,LGA_12,11
ORD_11,PHL_12,11
ORD_11,CLE_12,11
TPA_11,LGA_12,11
BOS_11,LGA_12,11
MDW_11,CLE_12,11
DFW_11,LGA_12,11
MEM_11,CLT_12,11
LGA_11,CLT_12,11
RDU_11,CLT_12,11
SYR_11,LGA_12,11
RDU_11,TPA_12,11
PWM_11,LGA_12,11
SEA_11,DFW_12,11
BOS_11,PHL_12,11
CLT_11,PHL_12,11
CLE_11,PHL_12,11
PWM_11,PHL_12,11
CLT_11,CLE_12,11
MEM_11,PHL_12,11
ORD_11,TPA_12,11
SYR_11,RDU_12,11
RDU_11,PHL_12,11
MDW_11,TPA_12,11
SAV_11,CLT_12,11
BOS_11,TPA_12,11
LGA_11,PHL_12,11
PHL_11,CLE_12,11
JAX_11,PHL_12,11
MEM_11,MDW_12,11
DFW_11,TPA_12,11
MDW_11,DFW_12,11
CLE_11,CLT_12,11
LGA_11,MDW_12,11
BNA_11,PHL_12,11
LGA_11,ORD_12,11
ORD_11,DFW_12,11
DTW_11,DFW_12,11
DFW_11,PHL_12,11
TPA_11,PHL_12,11
DTW_11,CLT_12,11
LGA_11,TPA_12,11
MEM_11,ORD_12,11
LGA_11,DFW_12,11
MEM_11,DFW_12,11
DTW_11,PHL_12,11
JAX_11,ORD_12,11
MSP_11,CLE_12,11
SAV_11,LGA_12,11
TPA_11,ORD_12,11
DCA_11,CLT_12,11
DFW_11,MEM_12,11
BOS_11,ORD_12,11
AUS_11,ORD_12,11
DTW_11,LGA_12,11
MSP_11,SEA_12,11
DFW_11,ORD_12,11
IAD_11,PHL_12,11
DFW_11,MDW_12,11
MCI_11,CLT_12,11
IAD_11,CLT_12,11
SAT_11,CLT_12,11
SMF_11,ORD_12,11
ORD_11,LGA_12,11
AUS_11,MEM_12,11
BOS_11,MEM_12,11
BNA_11,CLT_12,11
TPA_11,MEM_12,11
RDU_11,DCA_12,11
BNA_11,MDW_12,11
BNA_11,ORD_12,11
CLT_11,MEM_12,11
PHL_11,MDW_12,11
LAX_11,MEM_12,11
JAX_11,MDW_12,11
DCA_11,MEM_12,11
MCI_11,MEM_12,11
IAD_11,MEM_12,11
SYR_11,TPA_12,11
MSP_11,CLT_12,11
TPA_11,CLT_12,11
MDW_11,LGA_12,11
LAX_11,CLT_12,11
LAX_11,CLE_12,11
MCI_11,BNA_12,11
DCA_11,CLE_12,11
CLT_11,LGA_12,11
LGA_11,MEM_12,11
JAX_11,RDU_12,11
LAX_11,PHL_12,11
RDU_11,ORD_12,11
CLE_11,LGA_12,11
PHL_11,LGA_12,11
JAX_11,LGA_12,11
SEA_11,MEM_12,11
SEA_11,ORD_12,11
IAD_11,CLE_12,11
CLE_11,TPA_12,11
DTW_11,MDW_12,11
DTW_11,ORD_12,11
ORD_11,MDW_12,11
AUS_11,MDW_12,11
BOS_11,CLT_12,11
MCI_11,CLE_12,11
MDW_11,MEM_12,11
PHL_11,RDU_12,11
RNO_11,ORD_12,11
ORD_11,MEM_12,11
TPA_11,MDW_12,11
PHL_11,MEM_12,11
BOS_11,MDW_12,11
BNA_11,MEM_12,11
DFW_11,CLT_12,11
DTW_11,MEM_12,11
RDU_11,IAD_12,11
MSP_11,LGA_12,11
SYR_11,CLE_12,11
MSP_11,PHL_12,11
BNA_11,RDU_12,11
BOS_11,PWM_12,11
LGA_11,MSP_12,11
IAD_11,PWM_12,11
DFW_11,MSP_12,11
DFW_11,SMF_12,11
LGA_11,PWM_12,11
SLC_11,SAT_12,11
ORD_11,PWM_12,11
MSP_11,SLC_12,11
SEA_11,SMF_12,11
PHL_11,SYR_12,11
BOS_11,CLE_12,11
DTW_11,SYR_12,11
ORD_11,SYR_12,11
DCA_11,DTW_12,11
TPA_11,CLE_12,11
LAX_11,SAT_12,11
MCI_11,SAT_12,11
MSP_11,SAT_12,11
ORD_11,MSP_12,11
MSP_11,DTW_12,11
ANC_11,FAI_12,11
ORD_11,SAT_12,11
PHL_11,PWM_12,11
RNO_11,MSP_12,11
TPA_11,SYR_12,11
SYR_11,PWM_12,11
CLE_11,RDU_12,11
BNA_11,BOS_12,11
TPA_11,BOS_12,11
MDW_11,MSP_12,11
LGA_11,RDU_12,11
SEA_11,FAI_12,11
DFW_11,BOS_12,11
RDU_11,SYR_12,11
SLC_11,BOS_12,11
PHL_11,BOS_12,11
MSP_11,BOS_12,11
DFW_11,CLE_12,11
MEM_11,AUS_12,11
JAX_11,SAV_12,11
CLT_11,SAT_12,11
DCA_11,BOS_12,11
IAD_11,BOS_12,11
LAX_11,BOS_12,11
LGA_11,SYR_12,11
MEM_11,BOS_12,11
LGA_11,BOS_12,11
MEM_11,SAT_12,11
MEM_11,SYR_12,11
RDU_11,BOS_12,11
BOS_11,SYR_12,11
BOS_11,MCI_12,11
LAX_11,DTW_12,11
SAT_11,SLC_12,11
DFW_11,RDU_12,11
TPA_11,RDU_12,11
DCA_11,MSP_12,11
LAX_11,SEA_12,11
BOS_11,MSP_12,11
PHL_11,MCI_12,11
DFW_11,MCI_12,11
CLT_11,MCI_12,11
SLC_11,MCI_12,11
MCI_11,TPA_12,11
CLE_11,MCI_12,11
DFW_11,SAV_12,11
DTW_11,MCI_12,11
MCI_11,MSP_12,11
IAD_11,TPA_12,11
DFW_11,SLC_12,11
MDW_11,MCI_12,11
CLT_11,SAV_12,11
MCI_11,SEA_12,11
ORD_11,MCI_12,11
IAD_11,SAV_12,11
CLT_11,TPA_12,11
SEA_11,MCI_12,11
RDU_11,SAV_12,11
LGA_11,SAV_12,11
MEM_11,MCI_12,11
LAX_11,TPA_12,11
MSP_11,SMF_12,11
LAX_11,MSP_12,11
BOS_11,SLC_12,11
LAX_11,SMF_12,11
BOS_11,DTW_12,11
AUS_11,SAT_12,11
SMF_11,SLC_12,11
FAI_11,ANC_12,11
ORD_11,ANC_12,11
SLC_11,ANC_12,11
DTW_11,TPA_12,11
TPA_11,DTW_12,11
LAX_11,ANC_12,11
DFW_11,SAT_12,11
DFW_11,ANC_12,11
SEA_11,ANC_12,11
DTW_11,MSP_12,11
BOS_11,RDU_12,11
IAD_11,MSP_12,11
SLC_11,SEA_12,11
DFW_11,DTW_12,11
PHL_11,DTW_12,11
MSP_11,TPA_12,11
SLC_11,DTW_12,11
TPA_11,MSP_12,11
BNA_11,DTW_12,11
IAD_11,SEA_12,11
DCA_11,TPA_12,11
RNO_11,SLC_12,11
ORD_11,SMF_12,11
TPA_11,MCI_12,11
DTW_11,BOS_12,11
SEA_11,RNO_12,11
CLE_11,MSP_12,11
MEM_11,DTW_12,11
DTW_11,BNA_12,11
BNA_11,MSP_12,11
RDU_11,BNA_12,11
BNA_11,SYR_12,11
SEA_11,SLC_12,11
DCA_11,MCI_12,11
LGA_11,JAX_12,11
DFW_11,RNO_12,11
MEM_11,DCA_12,11
CLT_11,BNA_12,11
LAX_11,SLC_12,11
BOS_11,BNA_12,11
AUS_11,BNA_12,11
TPA_11,BNA_12,11
MEM_11,IAD_12,11
MEM_11,JAX_12,11
CLE_11,BNA_12,11
CLT_11,BOS_12,11
CLE_11,BOS_12,11
LGA_11,CLE_12,11
DTW_11,RDU_12,11
MEM_11,BNA_12,11
ANC_11,SLC_12,11
ORD_11,DTW_12,11
PHL_11,JAX_12,11
RNO_11,AUS_12,11
ORD_11,RNO_12,11
CLT_11,MSP_12,11
SEA_11,DTW_12,11
CLE_11,SYR_12,11
RDU_11,DTW_12,11
SAV_11,RDU_12,11
DCA_11,RDU_12,11
LAX_11,BNA_12,11
ORD_11,SLC_12,11
DFW_11,AUS_12,11
SMF_11,RNO_12,11
DTW_11,SLC_12,11
LGA_11,DTW_12,11
MSP_11,BNA_12,11
ORD_11,RDU_12,11
LGA_11,BNA_12,11
MDW_11,BNA_12,11
LAX_11,RNO_12,11
MCI_11,SYR_12,11
MSP_11,RNO_12,11
DCA_11,SYR_12,11
ORD_11,BNA_12,11
IAD_11,SYR_12,11
MDW_11,DTW_12,11
LGA_11,MCI_12,11
CLE_11,DTW_12,11
SMF_11,AUS_12,11
MDW_11,BOS_12,11
IAD_11,DTW_12,11
LGA_11,AUS_12,11
IAD_11,RDU_12,11
RDU_11,CLE_12,11
SYR_11,BOS_12,11
PHL_11,BNA_12,11
MDW_11,JAX_12,11
ORD_11,JAX_12,11
CLT_11,RDU_12,11
SAT_11,AUS_12,11
LAX_11,MCI_12,11
RDU_11,JAX_12,11
PWM_11,BOS_12,11
MCI_11,DTW_12,11
CLT_11,DTW_12,11
SYR_11,JAX_12,11
SAV_11,JAX_12,11
MSP_11,MCI_12,11
SYR_11,DTW_12,11
IAD_11,SLC_12,11
SLC_11,RNO_12,11
SLC_11,SMF_12,11
DFW_11,BNA_12,11
SMF_11,MSP_12,11
ORD_11,AUS_12,11
MCI_11,SLC_12,11
ORD_11,BOS_12,11
MEM_11,MSP_12,11
SEA_11,MSP_12,11
BNA_11,MCI_12,11
CLT_11,JAX_12,11
SLC_11,MSP_12,11
DFW_11,JAX_12,11